i,j,k,x_HII
0,0,0,1.11234367e-18
0,0,1,1.59898380e-16
0,0,2,2.63696737e-14
0,0,3,3.02971735e-13
0,0,4,9.10622639e-13
0,0,5,1.35162428e-12
0,0,6,9.10622222e-13
0,0,7,3.03018274e-13
0,0,8,2.63835092e-14
0,0,9,1.58886550e-16
0,1,0,1.60005395e-16
0,1,1,4.34660860e-14
0,1,2,1.02494438e-11
0,1,3,1.50123887e-10
0,1,4,6.31434402e-10
0,1,5,7.85169826e-10
0,1,6,6.31439372e-10
0,1,7,1.50124228e-10
0,1,8,1.02494012e-11
0,1,9,4.30232102e-14
0,2,0,2.63933602e-14
0,2,1,1.02496112e-11
0,2,2,2.36694922e-09
0,2,3,2.88277660e-08
0,2,4,1.13705683e-07
0,2,5,1.57676852e-07
0,2,6,1.13705642e-07
0,2,7,2.88277476e-08
0,2,8,2.36696562e-09
0,2,9,1.01739976e-11
0,3,0,3.03068903e-13
0,3,1,1.50127791e-10
0,3,2,2.88277118e-08
0,3,3,3.03251450e-07
0,3,4,1.05170438e-06
0,3,5,1.41708266e-06
0,3,6,1.05170401e-06
0,3,7,3.03251592e-07
0,3,8,2.88278788e-08
0,3,9,1.49398790e-10
0,4,0,9.10853842e-13
0,4,1,6.31461343e-10
0,4,2,1.13705216e-07
0,4,3,1.05170692e-06
0,4,4,4.49197945e-06
0,4,5,1.80074762e-05
0,4,6,4.49195468e-06
0,4,7,1.05170498e-06
0,4,8,1.13705995e-07
0,4,9,6.29428703e-10
0,5,0,1.35166949e-12
0,5,1,7.85247216e-10
0,5,2,1.57676186e-07
0,5,3,1.41709877e-06
0,5,4,1.80075257e-05
0,5,5,1.35912260e-04
0,5,6,1.80075080e-05
0,5,7,1.41709197e-06
0,5,8,1.57677420e-07
0,5,9,7.81681340e-10
0,6,0,9.10901417e-13
0,6,1,6.31469261e-10
0,6,2,1.13705177e-07
0,6,3,1.05170939e-06
0,6,4,4.49207874e-06
0,6,5,1.80075557e-05
0,6,6,4.49206035e-06
0,6,7,1.05170852e-06
0,6,8,1.13705837e-07
0,6,9,6.29440576e-10
0,7,0,3.03142860e-13
0,7,1,1.50133222e-10
0,7,2,2.88276742e-08
0,7,3,3.03251112e-07
0,7,4,1.05170960e-06
0,7,5,1.41710476e-06
0,7,6,1.05170964e-06
0,7,7,3.03251069e-07
0,7,8,2.88278079e-08
0,7,9,1.49406794e-10
0,8,0,2.64046053e-14
0,8,1,1.02505765e-11
0,8,2,2.36695514e-09
0,8,3,2.88278269e-08
0,8,4,1.13705679e-07
0,8,5,1.57676975e-07
0,8,6,1.13705610e-07
0,8,7,2.88277789e-08
0,8,8,2.36696218e-09
0,8,9,1.01754939e-11
0,9,0,1.59045668e-16
0,9,1,4.30353898e-14
0,9,2,1.01751169e-11
0,9,3,1.49406527e-10
0,9,4,6.29453313e-10
0,9,5,7.81746669e-10
0,9,6,6.29456210e-10
0,9,7,1.49408520e-10
0,9,8,1.01755616e-11
0,9,9,4.26052819e-14
1,0,0,1.60005395e-16
1,0,1,4.34660860e-14
1,0,2,1.02494438e-11
1,0,3,1.50123887e-10
1,0,4,6.31434402e-10
1,0,5,7.85169826e-10
1,0,6,6.31439372e-10
1,0,7,1.50124228e-10
1,0,8,1.02494012e-11
1,0,9,4.30232102e-14
1,1,0,4.34974363e-14
1,1,1,5.08263176e-12
1,1,2,1.61314412e-09
1,1,3,2.41505005e-08
1,1,4,1.25379720e-07
1,1,5,1.59853526e-07
1,1,6,1.25379711e-07
1,1,7,2.41505021e-08
1,1,8,1.61315013e-09
1,1,9,5.01182298e-12
1,2,0,1.02523428e-11
1,2,1,1.61312741e-09
1,2,2,2.85399623e-07
1,2,3,3.27709916e-06
1,2,4,1.16146298e-05
1,2,5,1.33317494e-05
1,2,6,1.16146303e-05
1,2,7,3.27709969e-06
1,2,8,2.85403903e-07
1,2,9,1.59767002e-09
1,3,0,1.50144680e-10
1,3,1,2.41503612e-08
1,3,2,3.27709792e-06
1,3,3,2.58187871e-05
1,3,4,6.65151518e-05
1,3,5,8.92677632e-05
1,3,6,6.65151657e-05
1,3,7,2.58187973e-05
1,3,8,3.27714234e-06
1,3,9,2.39680908e-08
1,4,0,6.31491504e-10
1,4,1,1.25379357e-07
1,4,2,1.16146207e-05
1,4,3,6.65150949e-05
1,4,4,3.43073715e-04
1,4,5,2.23555848e-03
1,4,6,3.43073815e-04
1,4,7,6.65151468e-05
1,4,8,1.16147968e-05
1,4,9,1.24740925e-07
1,5,0,7.85308418e-10
1,5,1,1.59853136e-07
1,5,2,1.33317310e-05
1,5,3,8.92676155e-05
1,5,4,2.23555829e-03
1,5,5,1.60208454e-02
1,5,6,2.23555836e-03
1,5,7,8.92676836e-05
1,5,8,1.33320001e-05
1,5,9,1.59119457e-07
1,6,0,6.31489234e-10
1,6,1,1.25379346e-07
1,6,2,1.16146139e-05
1,6,3,6.65150038e-05
1,6,4,3.43073315e-04
1,6,5,2.23555819e-03
1,6,6,3.43073385e-04
1,6,7,6.65150419e-05
1,6,8,1.16147882e-05
1,6,9,1.24740853e-07
1,7,0,1.50140781e-10
1,7,1,2.41503511e-08
1,7,2,3.27709407e-06
1,7,3,2.58187471e-05
1,7,4,6.65150008e-05
1,7,5,8.92675647e-05
1,7,6,6.65150040e-05
1,7,7,2.58187510e-05
1,7,8,3.27713732e-06
1,7,9,2.39680195e-08
1,8,0,1.02514962e-11
1,8,1,1.61313230e-09
1,8,2,2.85403263e-07
1,8,3,3.27713705e-06
1,8,4,1.16147831e-05
1,8,5,1.33319871e-05
1,8,6,1.16147826e-05
1,8,7,3.27713673e-06
1,8,8,2.85407329e-07
1,8,9,1.59766147e-09
1,9,0,4.30430323e-14
1,9,1,5.01163192e-12
1,9,2,1.59764837e-09
1,9,3,2.39679209e-08
1,9,4,1.24740510e-07
1,9,5,1.59119088e-07
1,9,6,1.24740501e-07
1,9,7,2.39679124e-08
1,9,8,1.59765012e-09
1,9,9,4.94198854e-12
2,0,0,2.63933602e-14
2,0,1,1.02496112e-11
2,0,2,2.36694922e-09
2,0,3,2.88277660e-08
2,0,4,1.13705683e-07
2,0,5,1.57676852e-07
2,0,6,1.13705642e-07
2,0,7,2.88277476e-08
2,0,8,2.36696562e-09
2,0,9,1.01739976e-11
2,1,0,1.02523428e-11
2,1,1,1.61312741e-09
2,1,2,2.85399623e-07
2,1,3,3.27709916e-06
2,1,4,1.16146298e-05
2,1,5,1.33317494e-05
2,1,6,1.16146303e-05
2,1,7,3.27709969e-06
2,1,8,2.85403903e-07
2,1,9,1.59767002e-09
2,2,0,2.36691633e-09
2,2,1,2.85398101e-07
2,2,2,1.00334087e-04
2,2,3,1.15076452e-03
2,2,4,4.82222101e-03
2,2,5,7.69023366e-03
2,2,6,4.82222101e-03
2,2,7,1.15076453e-03
2,2,8,1.00334127e-04
2,2,9,2.83411945e-07
2,3,0,2.88275243e-08
2,3,1,3.27708651e-06
2,3,2,1.15076452e-03
2,3,3,1.30438067e-02
2,3,4,5.47718835e-02
2,3,5,1.02873629e-01
2,3,6,5.47718834e-02
2,3,7,1.30438068e-02
2,3,8,1.15076476e-03
2,3,9,3.25436508e-06
2,4,0,1.13704274e-07
2,4,1,1.16145917e-05
2,4,2,4.82222101e-03
2,4,3,5.47718835e-02
2,4,4,2.17764890e-01
2,4,5,3.89665553e-01
2,4,6,2.17764890e-01
2,4,7,5.47718837e-02
2,4,8,4.82222129e-03
2,4,9,1.15302586e-05
2,5,0,1.57674753e-07
2,5,1,1.33316942e-05
2,5,2,7.69023366e-03
2,5,3,1.02873629e-01
2,5,4,3.89665553e-01
2,5,5,6.27553489e-01
2,5,6,3.89665553e-01
2,5,7,1.02873629e-01
2,5,8,7.69023342e-03
2,5,9,1.32188207e-05
2,6,0,1.13704364e-07
2,6,1,1.16145943e-05
2,6,2,4.82222101e-03
2,6,3,5.47718834e-02
2,6,4,2.17764890e-01
2,6,5,3.89665553e-01
2,6,6,2.17764890e-01
2,6,7,5.47718837e-02
2,6,8,4.82222129e-03
2,6,9,1.15302558e-05
2,7,0,2.88276079e-08
2,7,1,3.27708864e-06
2,7,2,1.15076453e-03
2,7,3,1.30438068e-02
2,7,4,5.47718837e-02
2,7,5,1.02873629e-01
2,7,6,5.47718837e-02
2,7,7,1.30438069e-02
2,7,8,1.15076476e-03
2,7,9,3.25436298e-06
2,8,0,2.36694865e-09
2,8,1,2.85402705e-07
2,8,2,1.00334127e-04
2,8,3,1.15076476e-03
2,8,4,4.82222129e-03
2,8,5,7.69023342e-03
2,8,6,4.82222129e-03
2,8,7,1.15076476e-03
2,8,8,1.00334168e-04
2,8,9,2.83415625e-07
2,9,0,1.01759760e-11
2,9,1,1.59764441e-09
2,9,2,2.83410351e-07
2,9,3,3.25435175e-06
2,9,4,1.15302158e-05
2,9,5,1.32187636e-05
2,9,6,1.15302153e-05
2,9,7,3.25435135e-06
2,9,8,2.83414360e-07
2,9,9,1.58237763e-09
3,0,0,3.03068903e-13
3,0,1,1.50127791e-10
3,0,2,2.88277118e-08
3,0,3,3.03251450e-07
3,0,4,1.05170438e-06
3,0,5,1.41708266e-06
3,0,6,1.05170401e-06
3,0,7,3.03251592e-07
3,0,8,2.88278788e-08
3,0,9,1.49398790e-10
3,1,0,1.50144680e-10
3,1,1,2.41503612e-08
3,1,2,3.27709792e-06
3,1,3,2.58187871e-05
3,1,4,6.65151518e-05
3,1,5,8.92677632e-05
3,1,6,6.65151657e-05
3,1,7,2.58187973e-05
3,1,8,3.27714234e-06
3,1,9,2.39680908e-08
3,2,0,2.88275243e-08
3,2,1,3.27708651e-06
3,2,2,1.15076452e-03
3,2,3,1.30438067e-02
3,2,4,5.47718835e-02
3,2,5,1.02873629e-01
3,2,6,5.47718834e-02
3,2,7,1.30438068e-02
3,2,8,1.15076476e-03
3,2,9,3.25436508e-06
3,3,0,3.03251688e-07
3,3,1,2.58186705e-05
3,3,2,1.30438067e-02
3,3,3,1.34453304e-01
3,3,4,3.86058326e-01
3,3,5,5.80615386e-01
3,3,6,3.86058326e-01
3,3,7,1.34453305e-01
3,3,8,1.30438073e-02
3,3,9,2.55971798e-05
3,4,0,1.05172302e-06
3,4,1,6.65147260e-05
3,4,2,5.47718835e-02
3,4,3,3.86058326e-01
3,4,4,7.72505973e-01
3,4,5,9.07474976e-01
3,4,6,7.72505973e-01
3,4,7,3.86058325e-01
3,4,8,5.47718865e-02
3,4,9,6.58023219e-05
3,5,0,1.41716467e-06
3,5,1,8.92671848e-05
3,5,2,1.02873629e-01
3,5,3,5.80615386e-01
3,5,4,9.07474976e-01
3,5,5,9.59062964e-01
3,5,6,9.07474976e-01
3,5,7,5.80615385e-01
3,5,8,1.02873637e-01
3,5,9,8.83392364e-05
3,6,0,1.05172178e-06
3,6,1,6.65147531e-05
3,6,2,5.47718834e-02
3,6,3,3.86058326e-01
3,6,4,7.72505973e-01
3,6,5,9.07474976e-01
3,6,6,7.72505973e-01
3,6,7,3.86058325e-01
3,6,8,5.47718864e-02
3,6,9,6.58022958e-05
3,7,0,3.03251841e-07
3,7,1,2.58186853e-05
3,7,2,1.30438068e-02
3,7,3,1.34453305e-01
3,7,4,3.86058325e-01
3,7,5,5.80615385e-01
3,7,6,3.86058325e-01
3,7,7,1.34453305e-01
3,7,8,1.30438074e-02
3,7,9,2.55971660e-05
3,8,0,2.88277481e-08
3,8,1,3.27713168e-06
3,8,2,1.15076476e-03
3,8,3,1.30438073e-02
3,8,4,5.47718865e-02
3,8,5,1.02873637e-01
3,8,6,5.47718864e-02
3,8,7,1.30438074e-02
3,8,8,1.15076499e-03
3,8,9,3.25440520e-06
3,9,0,1.49413608e-10
3,9,1,2.39679014e-08
3,9,2,3.25435311e-06
3,9,3,2.55970630e-05
3,9,4,6.58019184e-05
3,9,5,8.83387325e-05
3,9,6,6.58019049e-05
3,9,7,2.55970539e-05
3,9,8,3.25439396e-06
3,9,9,2.37873896e-08
4,0,0,9.10853842e-13
4,0,1,6.31461343e-10
4,0,2,1.13705216e-07
4,0,3,1.05170692e-06
4,0,4,4.49197945e-06
4,0,5,1.80074762e-05
4,0,6,4.49195468e-06
4,0,7,1.05170498e-06
4,0,8,1.13705995e-07
4,0,9,6.29428703e-10
4,1,0,6.31491504e-10
4,1,1,1.25379357e-07
4,1,2,1.16146207e-05
4,1,3,6.65150949e-05
4,1,4,3.43073715e-04
4,1,5,2.23555848e-03
4,1,6,3.43073815e-04
4,1,7,6.65151468e-05
4,1,8,1.16147968e-05
4,1,9,1.24740925e-07
4,2,0,1.13704274e-07
4,2,1,1.16145917e-05
4,2,2,4.82222101e-03
4,2,3,5.47718835e-02
4,2,4,2.17764890e-01
4,2,5,3.89665553e-01
4,2,6,2.17764890e-01
4,2,7,5.47718837e-02
4,2,8,4.82222129e-03
4,2,9,1.15302586e-05
4,3,0,1.05172302e-06
4,3,1,6.65147260e-05
4,3,2,5.47718835e-02
4,3,3,3.86058326e-01
4,3,4,7.72505973e-01
4,3,5,9.07474976e-01
4,3,6,7.72505973e-01
4,3,7,3.86058325e-01
4,3,8,5.47718865e-02
4,3,9,6.58023219e-05
4,4,0,4.49279421e-06
4,4,1,3.43071733e-04
4,4,2,2.17764890e-01
4,4,3,7.72505973e-01
4,4,4,9.51817453e-01
4,4,5,9.71162808e-01
4,4,6,9.51817453e-01
4,4,7,7.72505973e-01
4,4,8,2.17764954e-01
4,4,9,3.39796385e-04
4,5,0,1.80101223e-05
4,5,1,2.23555366e-03
4,5,2,3.89665553e-01
4,5,3,9.07474976e-01
4,5,4,9.71162808e-01
4,5,5,9.79389061e-01
4,5,6,9.71162808e-01
4,5,7,9.07474974e-01
4,5,8,3.89665710e-01
4,5,9,2.22142306e-03
4,6,0,4.49277171e-06
4,6,1,3.43071830e-04
4,6,2,2.17764890e-01
4,6,3,7.72505973e-01
4,6,4,9.51817453e-01
4,6,5,9.71162808e-01
4,6,6,9.51817453e-01
4,6,7,7.72505973e-01
4,6,8,2.17764954e-01
4,6,9,3.39796309e-04
4,7,0,1.05172135e-06
4,7,1,6.65147660e-05
4,7,2,5.47718837e-02
4,7,3,3.86058325e-01
4,7,4,7.72505973e-01
4,7,5,9.07474974e-01
4,7,6,7.72505973e-01
4,7,7,3.86058325e-01
4,7,8,5.47718867e-02
4,7,9,6.58022889e-05
4,8,0,1.13704942e-07
4,8,1,1.16147654e-05
4,8,2,4.82222129e-03
4,8,3,5.47718865e-02
4,8,4,2.17764954e-01
4,8,5,3.89665710e-01
4,8,6,2.17764954e-01
4,8,7,5.47718867e-02
4,8,8,4.82222157e-03
4,8,9,1.15304210e-05
4,9,0,6.29470036e-10
4,9,1,1.24740540e-07
4,9,2,1.15302256e-05
4,9,3,6.58019730e-05
4,9,4,3.39795188e-04
4,9,5,2.22142089e-03
4,9,6,3.39795111e-04
4,9,7,6.58019284e-05
4,9,8,1.15303852e-05
4,9,9,1.24110314e-07
5,0,0,1.35166949e-12
5,0,1,7.85247216e-10
5,0,2,1.57676186e-07
5,0,3,1.41709877e-06
5,0,4,1.80075257e-05
5,0,5,1.35912260e-04
5,0,6,1.80075080e-05
5,0,7,1.41709197e-06
5,0,8,1.57677420e-07
5,0,9,7.81681340e-10
5,1,0,7.85308418e-10
5,1,1,1.59853136e-07
5,1,2,1.33317310e-05
5,1,3,8.92676155e-05
5,1,4,2.23555829e-03
5,1,5,1.60208454e-02
5,1,6,2.23555836e-03
5,1,7,8.92676836e-05
5,1,8,1.33320001e-05
5,1,9,1.59119457e-07
5,2,0,1.57674753e-07
5,2,1,1.33316942e-05
5,2,2,7.69023366e-03
5,2,3,1.02873629e-01
5,2,4,3.89665553e-01
5,2,5,6.27553489e-01
5,2,6,3.89665553e-01
5,2,7,1.02873629e-01
5,2,8,7.69023342e-03
5,2,9,1.32188207e-05
5,3,0,1.41716467e-06
5,3,1,8.92671848e-05
5,3,2,1.02873629e-01
5,3,3,5.80615386e-01
5,3,4,9.07474976e-01
5,3,5,9.59062964e-01
5,3,6,9.07474976e-01
5,3,7,5.80615385e-01
5,3,8,1.02873637e-01
5,3,9,8.83392364e-05
5,4,0,1.80101223e-05
5,4,1,2.23555366e-03
5,4,2,3.89665553e-01
5,4,3,9.07474976e-01
5,4,4,9.71162808e-01
5,4,5,9.79389061e-01
5,4,6,9.71162808e-01
5,4,7,9.07474974e-01
5,4,8,3.89665710e-01
5,4,9,2.22142306e-03
5,5,0,1.35925880e-04
5,5,1,1.60208196e-02
5,5,2,6.27553489e-01
5,5,3,9.59062964e-01
5,5,4,9.79389061e-01
5,5,5,9.79051265e-01
5,5,6,9.79389061e-01
5,5,7,9.59062965e-01
5,5,8,6.27554409e-01
5,5,9,1.59229544e-02
5,6,0,1.80101098e-05
5,6,1,2.23555370e-03
5,6,2,3.89665553e-01
5,6,3,9.07474976e-01
5,6,4,9.71162808e-01
5,6,5,9.79389061e-01
5,6,6,9.71162808e-01
5,6,7,9.07474974e-01
5,6,8,3.89665710e-01
5,6,9,2.22142303e-03
5,7,0,1.41716112e-06
5,7,1,8.92672236e-05
5,7,2,1.02873629e-01
5,7,3,5.80615385e-01
5,7,4,9.07474974e-01
5,7,5,9.59062965e-01
5,7,6,9.07474974e-01
5,7,7,5.80615384e-01
5,7,8,1.02873637e-01
5,7,9,8.83392082e-05
5,8,0,1.57676001e-07
5,8,1,1.33319571e-05
5,8,2,7.69023342e-03
5,8,3,1.02873637e-01
5,8,4,3.89665710e-01
5,8,5,6.27554409e-01
5,8,6,3.89665710e-01
5,8,7,1.02873637e-01
5,8,8,7.69023318e-03
5,8,9,1.32190716e-05
5,9,0,7.81790708e-10
5,9,1,1.59119120e-07
5,9,2,1.32187826e-05
5,9,3,8.83388653e-05
5,9,4,2.22142103e-03
5,9,5,1.59229424e-02
5,9,6,2.22142098e-03
5,9,7,8.83388109e-05
5,9,8,1.32190271e-05
5,9,9,1.58394780e-07
6,0,0,9.10901417e-13
6,0,1,6.31469261e-10
6,0,2,1.13705177e-07
6,0,3,1.05170939e-06
6,0,4,4.49207874e-06
6,0,5,1.80075557e-05
6,0,6,4.49206035e-06
6,0,7,1.05170852e-06
6,0,8,1.13705837e-07
6,0,9,6.29440576e-10
6,1,0,6.31489234e-10
6,1,1,1.25379346e-07
6,1,2,1.16146139e-05
6,1,3,6.65150038e-05
6,1,4,3.43073315e-04
6,1,5,2.23555819e-03
6,1,6,3.43073385e-04
6,1,7,6.65150419e-05
6,1,8,1.16147882e-05
6,1,9,1.24740853e-07
6,2,0,1.13704364e-07
6,2,1,1.16145943e-05
6,2,2,4.82222101e-03
6,2,3,5.47718834e-02
6,2,4,2.17764890e-01
6,2,5,3.89665553e-01
6,2,6,2.17764890e-01
6,2,7,5.47718837e-02
6,2,8,4.82222129e-03
6,2,9,1.15302558e-05
6,3,0,1.05172178e-06
6,3,1,6.65147531e-05
6,3,2,5.47718834e-02
6,3,3,3.86058326e-01
6,3,4,7.72505973e-01
6,3,5,9.07474976e-01
6,3,6,7.72505973e-01
6,3,7,3.86058325e-01
6,3,8,5.47718864e-02
6,3,9,6.58022958e-05
6,4,0,4.49277171e-06
6,4,1,3.43071830e-04
6,4,2,2.17764890e-01
6,4,3,7.72505973e-01
6,4,4,9.51817453e-01
6,4,5,9.71162808e-01
6,4,6,9.51817453e-01
6,4,7,7.72505973e-01
6,4,8,2.17764954e-01
6,4,9,3.39796309e-04
6,5,0,1.80101098e-05
6,5,1,2.23555370e-03
6,5,2,3.89665553e-01
6,5,3,9.07474976e-01
6,5,4,9.71162808e-01
6,5,5,9.79389061e-01
6,5,6,9.71162808e-01
6,5,7,9.07474974e-01
6,5,8,3.89665710e-01
6,5,9,2.22142303e-03
6,6,0,4.49276222e-06
6,6,1,3.43071864e-04
6,6,2,2.17764890e-01
6,6,3,7.72505973e-01
6,6,4,9.51817453e-01
6,6,5,9.71162808e-01
6,6,6,9.51817453e-01
6,6,7,7.72505972e-01
6,6,8,2.17764954e-01
6,6,9,3.39796284e-04
6,7,0,1.05172125e-06
6,7,1,6.65147690e-05
6,7,2,5.47718837e-02
6,7,3,3.86058325e-01
6,7,4,7.72505973e-01
6,7,5,9.07474974e-01
6,7,6,7.72505972e-01
6,7,7,3.86058325e-01
6,7,8,5.47718867e-02
6,7,9,6.58022860e-05
6,8,0,1.13704930e-07
6,8,1,1.16147655e-05
6,8,2,4.82222129e-03
6,8,3,5.47718864e-02
6,8,4,2.17764954e-01
6,8,5,3.89665710e-01
6,8,6,2.17764954e-01
6,8,7,5.47718867e-02
6,8,8,4.82222157e-03
6,8,9,1.15304209e-05
6,9,0,6.29470836e-10
6,9,1,1.24740571e-07
6,9,2,1.15302329e-05
6,9,3,6.58020614e-05
6,9,4,3.39795489e-04
6,9,5,2.22142111e-03
6,9,6,3.39795436e-04
6,9,7,6.58020297e-05
6,9,8,1.15303944e-05
6,9,9,1.24110368e-07
7,0,0,3.03142860e-13
7,0,1,1.50133222e-10
7,0,2,2.88276742e-08
7,0,3,3.03251112e-07
7,0,4,1.05170960e-06
7,0,5,1.41710476e-06
7,0,6,1.05170964e-06
7,0,7,3.03251069e-07
7,0,8,2.88278079e-08
7,0,9,1.49406794e-10
7,1,0,1.50140781e-10
7,1,1,2.41503511e-08
7,1,2,3.27709407e-06
7,1,3,2.58187471e-05
7,1,4,6.65150008e-05
7,1,5,8.92675647e-05
7,1,6,6.65150040e-05
7,1,7,2.58187510e-05
7,1,8,3.27713732e-06
7,1,9,2.39680195e-08
7,2,0,2.88276079e-08
7,2,1,3.27708864e-06
7,2,2,1.15076453e-03
7,2,3,1.30438068e-02
7,2,4,5.47718837e-02
7,2,5,1.02873629e-01
7,2,6,5.47718837e-02
7,2,7,1.30438069e-02
7,2,8,1.15076476e-03
7,2,9,3.25436298e-06
7,3,0,3.03251841e-07
7,3,1,2.58186853e-05
7,3,2,1.30438068e-02
7,3,3,1.34453305e-01
7,3,4,3.86058325e-01
7,3,5,5.80615385e-01
7,3,6,3.86058325e-01
7,3,7,1.34453305e-01
7,3,8,1.30438074e-02
7,3,9,2.55971660e-05
7,4,0,1.05172135e-06
7,4,1,6.65147660e-05
7,4,2,5.47718837e-02
7,4,3,3.86058325e-01
7,4,4,7.72505973e-01
7,4,5,9.07474974e-01
7,4,6,7.72505973e-01
7,4,7,3.86058325e-01
7,4,8,5.47718867e-02
7,4,9,6.58022889e-05
7,5,0,1.41716112e-06
7,5,1,8.92672236e-05
7,5,2,1.02873629e-01
7,5,3,5.80615385e-01
7,5,4,9.07474974e-01
7,5,5,9.59062965e-01
7,5,6,9.07474974e-01
7,5,7,5.80615384e-01
7,5,8,1.02873637e-01
7,5,9,8.83392082e-05
7,6,0,1.05172125e-06
7,6,1,6.65147690e-05
7,6,2,5.47718837e-02
7,6,3,3.86058325e-01
7,6,4,7.72505973e-01
7,6,5,9.07474974e-01
7,6,6,7.72505972e-01
7,6,7,3.86058325e-01
7,6,8,5.47718867e-02
7,6,9,6.58022860e-05
7,7,0,3.03251817e-07
7,7,1,2.58186880e-05
7,7,2,1.30438069e-02
7,7,3,1.34453305e-01
7,7,4,3.86058325e-01
7,7,5,5.80615384e-01
7,7,6,3.86058325e-01
7,7,7,1.34453306e-01
7,7,8,1.30438074e-02
7,7,9,2.55971644e-05
7,8,0,2.88277532e-08
7,8,1,3.27713189e-06
7,8,2,1.15076476e-03
7,8,3,1.30438074e-02
7,8,4,5.47718867e-02
7,8,5,1.02873637e-01
7,8,6,5.47718867e-02
7,8,7,1.30438074e-02
7,8,8,1.15076500e-03
7,8,9,3.25440509e-06
7,9,0,1.49413721e-10
7,9,1,2.39679374e-08
7,9,2,3.25435725e-06
7,9,3,2.55971046e-05
7,9,4,6.58020698e-05
7,9,5,8.83389179e-05
7,9,6,6.58020665e-05
7,9,7,2.55971017e-05
7,9,8,3.25439932e-06
7,9,9,2.37874388e-08
8,0,0,2.64046053e-14
8,0,1,1.02505765e-11
8,0,2,2.36695514e-09
8,0,3,2.88278269e-08
8,0,4,1.13705679e-07
8,0,5,1.57676975e-07
8,0,6,1.13705610e-07
8,0,7,2.88277789e-08
8,0,8,2.36696218e-09
8,0,9,1.01754939e-11
8,1,0,1.02514962e-11
8,1,1,1.61313230e-09
8,1,2,2.85403263e-07
8,1,3,3.27713705e-06
8,1,4,1.16147831e-05
8,1,5,1.33319871e-05
8,1,6,1.16147826e-05
8,1,7,3.27713673e-06
8,1,8,2.85407329e-07
8,1,9,1.59766147e-09
8,2,0,2.36694865e-09
8,2,1,2.85402705e-07
8,2,2,1.00334127e-04
8,2,3,1.15076476e-03
8,2,4,4.82222129e-03
8,2,5,7.69023342e-03
8,2,6,4.82222129e-03
8,2,7,1.15076476e-03
8,2,8,1.00334168e-04
8,2,9,2.83415625e-07
8,3,0,2.88277481e-08
8,3,1,3.27713168e-06
8,3,2,1.15076476e-03
8,3,3,1.30438073e-02
8,3,4,5.47718865e-02
8,3,5,1.02873637e-01
8,3,6,5.47718864e-02
8,3,7,1.30438074e-02
8,3,8,1.15076499e-03
8,3,9,3.25440520e-06
8,4,0,1.13704942e-07
8,4,1,1.16147654e-05
8,4,2,4.82222129e-03
8,4,3,5.47718865e-02
8,4,4,2.17764954e-01
8,4,5,3.89665710e-01
8,4,6,2.17764954e-01
8,4,7,5.47718867e-02
8,4,8,4.82222157e-03
8,4,9,1.15304210e-05
8,5,0,1.57676001e-07
8,5,1,1.33319571e-05
8,5,2,7.69023342e-03
8,5,3,1.02873637e-01
8,5,4,3.89665710e-01
8,5,5,6.27554409e-01
8,5,6,3.89665710e-01
8,5,7,1.02873637e-01
8,5,8,7.69023318e-03
8,5,9,1.32190716e-05
8,6,0,1.13704930e-07
8,6,1,1.16147655e-05
8,6,2,4.82222129e-03
8,6,3,5.47718864e-02
8,6,4,2.17764954e-01
8,6,5,3.89665710e-01
8,6,6,2.17764954e-01
8,6,7,5.47718867e-02
8,6,8,4.82222157e-03
8,6,9,1.15304209e-05
8,7,0,2.88277532e-08
8,7,1,3.27713189e-06
8,7,2,1.15076476e-03
8,7,3,1.30438074e-02
8,7,4,5.47718867e-02
8,7,5,1.02873637e-01
8,7,6,5.47718867e-02
8,7,7,1.30438074e-02
8,7,8,1.15076500e-03
8,7,9,3.25440509e-06
8,8,0,2.36696561e-09
8,8,1,2.85406928e-07
8,8,2,1.00334168e-04
8,8,3,1.15076499e-03
8,8,4,4.82222157e-03
8,8,5,7.69023318e-03
8,8,6,4.82222157e-03
8,8,7,1.15076500e-03
8,8,8,1.00334208e-04
8,8,9,2.83419698e-07
8,9,0,1.01759700e-11
8,9,1,1.59765406e-09
8,9,2,2.83415048e-07
8,9,3,3.25439950e-06
8,9,4,1.15303999e-05
8,9,5,1.32190406e-05
8,9,6,1.15304004e-05
8,9,7,3.25440000e-06
8,9,8,2.83419289e-07
8,9,9,1.58238889e-09
9,0,0,1.59045668e-16
9,0,1,4.30353898e-14
9,0,2,1.01751169e-11
9,0,3,1.49406527e-10
9,0,4,6.29453313e-10
9,0,5,7.81746669e-10
9,0,6,6.29456210e-10
9,0,7,1.49408520e-10
9,0,8,1.01755616e-11
9,0,9,4.26052819e-14
9,1,0,4.30430323e-14
9,1,1,5.01163192e-12
9,1,2,1.59764837e-09
9,1,3,2.39679209e-08
9,1,4,1.24740510e-07
9,1,5,1.59119088e-07
9,1,6,1.24740501e-07
9,1,7,2.39679124e-08
9,1,8,1.59765012e-09
9,1,9,4.94198854e-12
9,2,0,1.01759760e-11
9,2,1,1.59764441e-09
9,2,2,2.83410351e-07
9,2,3,3.25435175e-06
9,2,4,1.15302158e-05
9,2,5,1.32187636e-05
9,2,6,1.15302153e-05
9,2,7,3.25435135e-06
9,2,8,2.83414360e-07
9,2,9,1.58237763e-09
9,3,0,1.49413608e-10
9,3,1,2.39679014e-08
9,3,2,3.25435311e-06
9,3,3,2.55970630e-05
9,3,4,6.58019184e-05
9,3,5,8.83387325e-05
9,3,6,6.58019049e-05
9,3,7,2.55970539e-05
9,3,8,3.25439396e-06
9,3,9,2.37873896e-08
9,4,0,6.29470036e-10
9,4,1,1.24740540e-07
9,4,2,1.15302256e-05
9,4,3,6.58019730e-05
9,4,4,3.39795188e-04
9,4,5,2.22142089e-03
9,4,6,3.39795111e-04
9,4,7,6.58019284e-05
9,4,8,1.15303852e-05
9,4,9,1.24110314e-07
9,5,0,7.81790708e-10
9,5,1,1.59119120e-07
9,5,2,1.32187826e-05
9,5,3,8.83388653e-05
9,5,4,2.22142103e-03
9,5,5,1.59229424e-02
9,5,6,2.22142098e-03
9,5,7,8.83388109e-05
9,5,8,1.32190271e-05
9,5,9,1.58394780e-07
9,6,0,6.29470836e-10
9,6,1,1.24740571e-07
9,6,2,1.15302329e-05
9,6,3,6.58020614e-05
9,6,4,3.39795489e-04
9,6,5,2.22142111e-03
9,6,6,3.39795436e-04
9,6,7,6.58020297e-05
9,6,8,1.15303944e-05
9,6,9,1.24110368e-07
9,7,0,1.49413721e-10
9,7,1,2.39679374e-08
9,7,2,3.25435725e-06
9,7,3,2.55971046e-05
9,7,4,6.58020698e-05
9,7,5,8.83389179e-05
9,7,6,6.58020665e-05
9,7,7,2.55971017e-05
9,7,8,3.25439932e-06
9,7,9,2.37874388e-08
9,8,0,1.01759700e-11
9,8,1,1.59765406e-09
9,8,2,2.83415048e-07
9,8,3,3.25439950e-06
9,8,4,1.15303999e-05
9,8,5,1.32190406e-05
9,8,6,1.15304004e-05
9,8,7,3.25440000e-06
9,8,8,2.83419289e-07
9,8,9,1.58238889e-09
9,9,0,4.26060949e-14
9,9,1,4.94198996e-12
9,9,2,1.58237912e-09
9,9,3,2.37873988e-08
9,9,4,1.24110286e-07
9,9,5,1.58394701e-07
9,9,6,1.24110309e-07
9,9,7,2.37874182e-08
9,9,8,1.58238719e-09
9,9,9,4.87371181e-12
