i,j,k,E_gamma
0,0,0,5.06912891e+43
0,0,1,7.27797899e+45
0,0,2,1.15089227e+48
0,0,3,1.17845734e+49
0,0,4,3.00341301e+49
0,0,5,3.40556805e+49
0,0,6,3.00341301e+49
0,0,7,1.17845762e+49
0,0,8,1.15089242e+48
0,0,9,7.22239028e+45
0,1,0,7.27797899e+45
0,1,1,1.99788614e+48
0,1,2,4.62273167e+50
0,1,3,6.60105649e+51
0,1,4,2.54665581e+52
0,1,5,2.73064810e+52
0,1,6,2.54665581e+52
0,1,7,6.60105716e+51
0,1,8,4.62275857e+50
0,1,9,1.97504865e+48
0,2,0,1.15089227e+48
0,2,1,4.62273167e+50
0,2,2,1.04736816e+53
0,2,3,1.24491928e+54
0,2,4,4.73221351e+54
0,2,5,6.37458625e+54
0,2,6,4.73221350e+54
0,2,7,1.24491937e+54
0,2,8,1.04737480e+53
0,2,9,4.58565957e+50
0,3,0,1.17845734e+49
0,3,1,6.60105650e+51
0,3,2,1.24491928e+54
0,3,3,1.26720451e+55
0,3,4,4.32890189e+55
0,3,5,5.99765991e+55
0,3,6,4.32890188e+55
0,3,7,1.26720462e+55
0,3,8,1.24492615e+54
0,3,9,6.56701604e+51
0,4,0,3.00341301e+49
0,4,1,2.54665581e+52
0,4,2,4.73221351e+54
0,4,3,4.32890189e+55
0,4,4,2.18138549e+56
0,4,5,1.00027853e+57
0,4,6,2.18138549e+56
0,4,7,4.32890226e+55
0,4,8,4.73223737e+54
0,4,9,2.53607770e+52
0,5,0,3.40556806e+49
0,5,1,2.73064811e+52
0,5,2,6.37458625e+54
0,5,3,5.99765991e+55
0,5,4,1.00027853e+57
0,5,5,7.59898884e+57
0,5,6,1.00027853e+57
0,5,7,5.99766044e+55
0,5,8,6.37463001e+54
0,5,9,2.71195185e+52
0,6,0,3.00341301e+49
0,6,1,2.54665581e+52
0,6,2,4.73221350e+54
0,6,3,4.32890188e+55
0,6,4,2.18138549e+56
0,6,5,1.00027853e+57
0,6,6,2.18138548e+56
0,6,7,4.32890225e+55
0,6,8,4.73223736e+54
0,6,9,2.53607770e+52
0,7,0,1.17845762e+49
0,7,1,6.60105716e+51
0,7,2,1.24491937e+54
0,7,3,1.26720462e+55
0,7,4,4.32890226e+55
0,7,5,5.99766044e+55
0,7,6,4.32890225e+55
0,7,7,1.26720472e+55
0,7,8,1.24492624e+54
0,7,9,6.56701670e+51
0,8,0,1.15089242e+48
0,8,1,4.62275857e+50
0,8,2,1.04737480e+53
0,8,3,1.24492615e+54
0,8,4,4.73223737e+54
0,8,5,6.37463001e+54
0,8,6,4.73223736e+54
0,8,7,1.24492624e+54
0,8,8,1.04738144e+53
0,8,9,4.58568612e+50
0,9,0,7.22239028e+45
0,9,1,1.97504865e+48
0,9,2,4.58565957e+50
0,9,3,6.56701604e+51
0,9,4,2.53607770e+52
0,9,5,2.71195185e+52
0,9,6,2.53607770e+52
0,9,7,6.56701670e+51
0,9,8,4.58568612e+50
0,9,9,1.95247640e+48
1,0,0,7.27797899e+45
1,0,1,1.99788614e+48
1,0,2,4.62273167e+50
1,0,3,6.60105649e+51
1,0,4,2.54665581e+52
1,0,5,2.73064810e+52
1,0,6,2.54665581e+52
1,0,7,6.60105716e+51
1,0,8,4.62275857e+50
1,0,9,1.97504865e+48
1,1,0,1.99788614e+48
1,1,1,2.36153480e+50
1,1,2,7.40263350e+52
1,1,3,1.09751488e+54
1,1,4,5.29737258e+54
1,1,5,5.60553222e+54
1,1,6,5.29737257e+54
1,1,7,1.09751493e+54
1,1,8,7.40265578e+52
1,1,9,2.32440595e+50
1,2,0,4.62273167e+50
1,2,1,7.40263350e+52
1,2,2,1.26022247e+55
1,2,3,1.39800537e+56
1,2,4,4.56146518e+56
1,2,5,4.79188574e+56
1,2,6,4.56146518e+56
1,2,7,1.39800540e+56
1,2,8,1.26024334e+55
1,2,9,7.32484089e+52
1,3,0,6.60105650e+51
1,3,1,1.09751488e+54
1,3,2,1.39800537e+56
1,3,3,1.00037347e+57
1,3,4,2.51486069e+57
1,3,5,3.78779412e+57
1,3,6,2.51486069e+57
1,3,7,1.00037350e+57
1,3,8,1.39802657e+56
1,3,9,1.08858592e+54
1,4,0,2.54665581e+52
1,4,1,5.29737258e+54
1,4,2,4.56146518e+56
1,4,3,2.51486069e+57
1,4,4,1.74740443e+58
1,4,5,1.25005175e+59
1,4,6,1.74740443e+58
1,4,7,2.51486083e+57
1,4,8,4.56154907e+56
1,4,9,5.26773945e+54
1,5,0,2.73064811e+52
1,5,1,5.60553223e+54
1,5,2,4.79188574e+56
1,5,3,3.78779412e+57
1,5,4,1.25005175e+59
1,5,5,9.03105696e+59
1,5,6,1.25005175e+59
1,5,7,3.78779431e+57
1,5,8,4.79201044e+56
1,5,9,5.57179958e+54
1,6,0,2.54665581e+52
1,6,1,5.29737257e+54
1,6,2,4.56146518e+56
1,6,3,2.51486069e+57
1,6,4,1.74740443e+58
1,6,5,1.25005175e+59
1,6,6,1.74740443e+58
1,6,7,2.51486083e+57
1,6,8,4.56154907e+56
1,6,9,5.26773944e+54
1,7,0,6.60105716e+51
1,7,1,1.09751493e+54
1,7,2,1.39800540e+56
1,7,3,1.00037350e+57
1,7,4,2.51486083e+57
1,7,5,3.78779431e+57
1,7,6,2.51486083e+57
1,7,7,1.00037353e+57
1,7,8,1.39802660e+56
1,7,9,1.08858596e+54
1,8,0,4.62275857e+50
1,8,1,7.40265578e+52
1,8,2,1.26024334e+55
1,8,3,1.39802657e+56
1,8,4,4.56154907e+56
1,8,5,4.79201044e+56
1,8,6,4.56154907e+56
1,8,7,1.39802660e+56
1,8,8,1.26026421e+55
1,8,9,7.32486186e+52
1,9,0,1.97504865e+48
1,9,1,2.32440595e+50
1,9,2,7.32484089e+52
1,9,3,1.08858592e+54
1,9,4,5.26773945e+54
1,9,5,5.57179959e+54
1,9,6,5.26773944e+54
1,9,7,1.08858596e+54
1,9,8,7.32486186e+52
1,9,9,2.28793456e+50
2,0,0,1.15089227e+48
2,0,1,4.62273167e+50
2,0,2,1.04736816e+53
2,0,3,1.24491928e+54
2,0,4,4.73221351e+54
2,0,5,6.37458625e+54
2,0,6,4.73221350e+54
2,0,7,1.24491937e+54
2,0,8,1.04737480e+53
2,0,9,4.58565957e+50
2,1,0,4.62273167e+50
2,1,1,7.40263350e+52
2,1,2,1.26022247e+55
2,1,3,1.39800537e+56
2,1,4,4.56146518e+56
2,1,5,4.79188574e+56
2,1,6,4.56146518e+56
2,1,7,1.39800540e+56
2,1,8,1.26024334e+55
2,1,9,7.32484089e+52
2,2,0,1.04736816e+53
2,2,1,1.26022247e+55
2,2,2,3.25900258e+57
2,2,3,3.65053986e+58
2,2,4,1.51088894e+59
2,2,5,2.42660430e+59
2,2,6,1.51088893e+59
2,2,7,3.65053990e+58
2,2,8,3.25900456e+57
2,2,9,1.25034307e+55
2,3,0,1.24491928e+54
2,3,1,1.39800537e+56
2,3,2,3.65053986e+58
2,3,3,4.30081283e+59
2,3,4,2.19020963e+60
2,3,5,5.54936333e+60
2,3,6,2.19020963e+60
2,3,7,4.30081287e+59
2,3,8,3.65054109e+58
2,3,9,1.38685614e+56
2,4,0,4.73221351e+54
2,4,1,4.56146518e+56
2,4,2,1.51088894e+59
2,4,3,2.19020963e+60
2,4,4,1.95209909e+61
2,4,5,8.41955714e+61
2,4,6,1.95209909e+61
2,4,7,2.19020965e+60
2,4,8,1.51088905e+59
2,4,9,4.52083675e+56
2,5,0,6.37458625e+54
2,5,1,4.79188574e+56
2,5,2,2.42660430e+59
2,5,3,5.54936333e+60
2,5,4,8.41955714e+61
2,5,5,3.88477373e+62
2,5,6,8.41955713e+61
2,5,7,5.54936334e+60
2,5,8,2.42660423e+59
2,5,9,4.73727997e+56
2,6,0,4.73221350e+54
2,6,1,4.56146518e+56
2,6,2,1.51088893e+59
2,6,3,2.19020963e+60
2,6,4,1.95209909e+61
2,6,5,8.41955713e+61
2,6,6,1.95209909e+61
2,6,7,2.19020965e+60
2,6,8,1.51088905e+59
2,6,9,4.52083675e+56
2,7,0,1.24491937e+54
2,7,1,1.39800540e+56
2,7,2,3.65053990e+58
2,7,3,4.30081287e+59
2,7,4,2.19020965e+60
2,7,5,5.54936334e+60
2,7,6,2.19020965e+60
2,7,7,4.30081291e+59
2,7,8,3.65054112e+58
2,7,9,1.38685617e+56
2,8,0,1.04737480e+53
2,8,1,1.26024334e+55
2,8,2,3.25900456e+57
2,8,3,3.65054109e+58
2,8,4,1.51088905e+59
2,8,5,2.42660423e+59
2,8,6,1.51088905e+59
2,8,7,3.65054112e+58
2,8,8,3.25900655e+57
2,8,9,1.25036373e+55
2,9,0,4.58565957e+50
2,9,1,7.32484089e+52
2,9,2,1.25034307e+55
2,9,3,1.38685614e+56
2,9,4,4.52083675e+56
2,9,5,4.73727997e+56
2,9,6,4.52083675e+56
2,9,7,1.38685617e+56
2,9,8,1.25036373e+55
2,9,9,7.24803401e+52
3,0,0,1.17845734e+49
3,0,1,6.60105650e+51
3,0,2,1.24491928e+54
3,0,3,1.26720451e+55
3,0,4,4.32890189e+55
3,0,5,5.99765991e+55
3,0,6,4.32890188e+55
3,0,7,1.26720462e+55
3,0,8,1.24492615e+54
3,0,9,6.56701604e+51
3,1,0,6.60105650e+51
3,1,1,1.09751488e+54
3,1,2,1.39800537e+56
3,1,3,1.00037347e+57
3,1,4,2.51486069e+57
3,1,5,3.78779412e+57
3,1,6,2.51486069e+57
3,1,7,1.00037350e+57
3,1,8,1.39802657e+56
3,1,9,1.08858592e+54
3,2,0,1.24491928e+54
3,2,1,1.39800537e+56
3,2,2,3.65053986e+58
3,2,3,4.30081283e+59
3,2,4,2.19020963e+60
3,2,5,5.54936333e+60
3,2,6,2.19020963e+60
3,2,7,4.30081287e+59
3,2,8,3.65054109e+58
3,2,9,1.38685614e+56
3,3,0,1.26720451e+55
3,3,1,1.00037347e+57
3,3,2,4.30081283e+59
3,3,3,7.77601913e+60
3,3,4,7.73602089e+61
3,3,5,2.82963839e+62
3,3,6,7.73602088e+61
3,3,7,7.77601918e+60
3,3,8,4.30081318e+59
3,3,9,9.89497694e+56
3,4,0,4.32890189e+55
3,4,1,2.51486069e+57
3,4,2,2.19020963e+60
3,4,3,7.73602089e+61
3,4,4,9.25271637e+62
3,4,5,3.13525526e+63
3,4,6,9.25271636e+62
3,4,7,7.73602087e+61
3,4,8,2.19020983e+60
3,4,9,2.47862717e+57
3,5,0,5.99765991e+55
3,5,1,3.78779411e+57
3,5,2,5.54936333e+60
3,5,3,2.82963839e+62
3,5,4,3.13525526e+63
3,5,5,7.83665794e+63
3,5,6,3.13525526e+63
3,5,7,2.82963837e+62
3,5,8,5.54936424e+60
3,5,9,3.73731495e+57
3,6,0,4.32890188e+55
3,6,1,2.51486069e+57
3,6,2,2.19020963e+60
3,6,3,7.73602088e+61
3,6,4,9.25271636e+62
3,6,5,3.13525526e+63
3,6,6,9.25271636e+62
3,6,7,7.73602087e+61
3,6,8,2.19020983e+60
3,6,9,2.47862717e+57
3,7,0,1.26720462e+55
3,7,1,1.00037350e+57
3,7,2,4.30081287e+59
3,7,3,7.77601918e+60
3,7,4,7.73602087e+61
3,7,5,2.82963837e+62
3,7,6,7.73602087e+61
3,7,7,7.77601922e+60
3,7,8,4.30081322e+59
3,7,9,9.89497723e+56
3,8,0,1.24492615e+54
3,8,1,1.39802657e+56
3,8,2,3.65054109e+58
3,8,3,4.30081318e+59
3,8,4,2.19020983e+60
3,8,5,5.54936424e+60
3,8,6,2.19020983e+60
3,8,7,4.30081322e+59
3,8,8,3.65054231e+58
3,8,9,1.38687714e+56
3,9,0,6.56701604e+51
3,9,1,1.08858592e+54
3,9,2,1.38685614e+56
3,9,3,9.89497693e+56
3,9,4,2.47862717e+57
3,9,5,3.73731495e+57
3,9,6,2.47862717e+57
3,9,7,9.89497723e+56
3,9,8,1.38687714e+56
3,9,9,1.07975402e+54
4,0,0,3.00341301e+49
4,0,1,2.54665581e+52
4,0,2,4.73221351e+54
4,0,3,4.32890189e+55
4,0,4,2.18138549e+56
4,0,5,1.00027853e+57
4,0,6,2.18138549e+56
4,0,7,4.32890226e+55
4,0,8,4.73223737e+54
4,0,9,2.53607770e+52
4,1,0,2.54665581e+52
4,1,1,5.29737258e+54
4,1,2,4.56146518e+56
4,1,3,2.51486069e+57
4,1,4,1.74740443e+58
4,1,5,1.25005175e+59
4,1,6,1.74740443e+58
4,1,7,2.51486083e+57
4,1,8,4.56154907e+56
4,1,9,5.26773945e+54
4,2,0,4.73221351e+54
4,2,1,4.56146518e+56
4,2,2,1.51088894e+59
4,2,3,2.19020963e+60
4,2,4,1.95209909e+61
4,2,5,8.41955714e+61
4,2,6,1.95209909e+61
4,2,7,2.19020965e+60
4,2,8,1.51088905e+59
4,2,9,4.52083675e+56
4,3,0,4.32890189e+55
4,3,1,2.51486069e+57
4,3,2,2.19020963e+60
4,3,3,7.73602089e+61
4,3,4,9.25271637e+62
4,3,5,3.13525526e+63
4,3,6,9.25271636e+62
4,3,7,7.73602087e+61
4,3,8,2.19020983e+60
4,3,9,2.47862717e+57
4,4,0,2.18138549e+56
4,4,1,1.74740443e+58
4,4,2,1.95209909e+61
4,4,3,9.25271637e+62
4,4,4,6.41849896e+63
4,4,5,1.10989650e+64
4,4,6,6.41849895e+63
4,4,7,9.25271631e+62
4,4,8,1.95210060e+61
4,4,9,1.72759387e+58
4,5,0,1.00027853e+57
4,5,1,1.25005175e+59
4,5,2,8.41955714e+61
4,5,3,3.13525526e+63
4,5,4,1.10989650e+64
4,5,5,1.56473124e+64
4,5,6,1.10989650e+64
4,5,7,3.13525520e+63
4,5,8,8.41956716e+61
4,5,9,1.24134603e+59
4,6,0,2.18138549e+56
4,6,1,1.74740443e+58
4,6,2,1.95209909e+61
4,6,3,9.25271636e+62
4,6,4,6.41849895e+63
4,6,5,1.10989650e+64
4,6,6,6.41849895e+63
4,6,7,9.25271631e+62
4,6,8,1.95210060e+61
4,6,9,1.72759387e+58
4,7,0,4.32890226e+55
4,7,1,2.51486083e+57
4,7,2,2.19020965e+60
4,7,3,7.73602087e+61
4,7,4,9.25271631e+62
4,7,5,3.13525520e+63
4,7,6,9.25271631e+62
4,7,7,7.73602085e+61
4,7,8,2.19020985e+60
4,7,9,2.47862730e+57
4,8,0,4.73223737e+54
4,8,1,4.56154907e+56
4,8,2,1.51088905e+59
4,8,3,2.19020983e+60
4,8,4,1.95210060e+61
4,8,5,8.41956716e+61
4,8,6,1.95210060e+61
4,8,7,2.19020985e+60
4,8,8,1.51088916e+59
4,8,9,4.52091953e+56
4,9,0,2.53607770e+52
4,9,1,5.26773945e+54
4,9,2,4.52083675e+56
4,9,3,2.47862717e+57
4,9,4,1.72759387e+58
4,9,5,1.24134603e+59
4,9,6,1.72759387e+58
4,9,7,2.47862730e+57
4,9,8,4.52091953e+56
4,9,9,5.23854594e+54
5,0,0,3.40556806e+49
5,0,1,2.73064811e+52
5,0,2,6.37458625e+54
5,0,3,5.99765991e+55
5,0,4,1.00027853e+57
5,0,5,7.59898884e+57
5,0,6,1.00027853e+57
5,0,7,5.99766044e+55
5,0,8,6.37463001e+54
5,0,9,2.71195185e+52
5,1,0,2.73064811e+52
5,1,1,5.60553223e+54
5,1,2,4.79188574e+56
5,1,3,3.78779412e+57
5,1,4,1.25005175e+59
5,1,5,9.03105696e+59
5,1,6,1.25005175e+59
5,1,7,3.78779431e+57
5,1,8,4.79201044e+56
5,1,9,5.57179958e+54
5,2,0,6.37458625e+54
5,2,1,4.79188574e+56
5,2,2,2.42660430e+59
5,2,3,5.54936333e+60
5,2,4,8.41955714e+61
5,2,5,3.88477373e+62
5,2,6,8.41955713e+61
5,2,7,5.54936334e+60
5,2,8,2.42660423e+59
5,2,9,4.73727997e+56
5,3,0,5.99765991e+55
5,3,1,3.78779411e+57
5,3,2,5.54936333e+60
5,3,3,2.82963839e+62
5,3,4,3.13525526e+63
5,3,5,7.83665794e+63
5,3,6,3.13525526e+63
5,3,7,2.82963837e+62
5,3,8,5.54936424e+60
5,3,9,3.73731495e+57
5,4,0,1.00027853e+57
5,4,1,1.25005175e+59
5,4,2,8.41955714e+61
5,4,3,3.13525526e+63
5,4,4,1.10989650e+64
5,4,5,1.56473124e+64
5,4,6,1.10989650e+64
5,4,7,3.13525520e+63
5,4,8,8.41956716e+61
5,4,9,1.24134603e+59
5,5,0,7.59898889e+57
5,5,1,9.03105676e+59
5,5,2,3.88477373e+62
5,5,3,7.83665794e+63
5,5,4,1.56473124e+64
5,5,5,1.48317388e+64
5,5,6,1.56473124e+64
5,5,7,7.83665798e+63
5,5,8,3.88479557e+62
5,5,9,8.96861940e+59
5,6,0,1.00027853e+57
5,6,1,1.25005175e+59
5,6,2,8.41955713e+61
5,6,3,3.13525526e+63
5,6,4,1.10989650e+64
5,6,5,1.56473124e+64
5,6,6,1.10989650e+64
5,6,7,3.13525520e+63
5,6,8,8.41956716e+61
5,6,9,1.24134603e+59
5,7,0,5.99766044e+55
5,7,1,3.78779430e+57
5,7,2,5.54936334e+60
5,7,3,2.82963837e+62
5,7,4,3.13525520e+63
5,7,5,7.83665798e+63
5,7,6,3.13525520e+63
5,7,7,2.82963835e+62
5,7,8,5.54936425e+60
5,7,9,3.73731513e+57
5,8,0,6.37463001e+54
5,8,1,4.79201044e+56
5,8,2,2.42660423e+59
5,8,3,5.54936424e+60
5,8,4,8.41956716e+61
5,8,5,3.88479557e+62
5,8,6,8.41956716e+61
5,8,7,5.54936425e+60
5,8,8,2.42660415e+59
5,8,9,4.73740304e+56
5,9,0,2.71195185e+52
5,9,1,5.57179959e+54
5,9,2,4.73727997e+56
5,9,3,3.73731495e+57
5,9,4,1.24134603e+59
5,9,5,8.96861931e+59
5,9,6,1.24134603e+59
5,9,7,3.73731513e+57
5,9,8,4.73740304e+56
5,9,9,5.53861205e+54
6,0,0,3.00341301e+49
6,0,1,2.54665581e+52
6,0,2,4.73221350e+54
6,0,3,4.32890188e+55
6,0,4,2.18138549e+56
6,0,5,1.00027853e+57
6,0,6,2.18138548e+56
6,0,7,4.32890225e+55
6,0,8,4.73223736e+54
6,0,9,2.53607770e+52
6,1,0,2.54665581e+52
6,1,1,5.29737257e+54
6,1,2,4.56146518e+56
6,1,3,2.51486069e+57
6,1,4,1.74740443e+58
6,1,5,1.25005175e+59
6,1,6,1.74740443e+58
6,1,7,2.51486083e+57
6,1,8,4.56154907e+56
6,1,9,5.26773944e+54
6,2,0,4.73221350e+54
6,2,1,4.56146518e+56
6,2,2,1.51088893e+59
6,2,3,2.19020963e+60
6,2,4,1.95209909e+61
6,2,5,8.41955713e+61
6,2,6,1.95209909e+61
6,2,7,2.19020965e+60
6,2,8,1.51088905e+59
6,2,9,4.52083675e+56
6,3,0,4.32890188e+55
6,3,1,2.51486069e+57
6,3,2,2.19020963e+60
6,3,3,7.73602088e+61
6,3,4,9.25271636e+62
6,3,5,3.13525526e+63
6,3,6,9.25271636e+62
6,3,7,7.73602087e+61
6,3,8,2.19020983e+60
6,3,9,2.47862717e+57
6,4,0,2.18138549e+56
6,4,1,1.74740443e+58
6,4,2,1.95209909e+61
6,4,3,9.25271636e+62
6,4,4,6.41849895e+63
6,4,5,1.10989650e+64
6,4,6,6.41849895e+63
6,4,7,9.25271631e+62
6,4,8,1.95210060e+61
6,4,9,1.72759387e+58
6,5,0,1.00027853e+57
6,5,1,1.25005175e+59
6,5,2,8.41955713e+61
6,5,3,3.13525526e+63
6,5,4,1.10989650e+64
6,5,5,1.56473124e+64
6,5,6,1.10989650e+64
6,5,7,3.13525520e+63
6,5,8,8.41956716e+61
6,5,9,1.24134603e+59
6,6,0,2.18138548e+56
6,6,1,1.74740442e+58
6,6,2,1.95209909e+61
6,6,3,9.25271636e+62
6,6,4,6.41849895e+63
6,6,5,1.10989650e+64
6,6,6,6.41849895e+63
6,6,7,9.25271631e+62
6,6,8,1.95210060e+61
6,6,9,1.72759387e+58
6,7,0,4.32890225e+55
6,7,1,2.51486083e+57
6,7,2,2.19020965e+60
6,7,3,7.73602087e+61
6,7,4,9.25271631e+62
6,7,5,3.13525520e+63
6,7,6,9.25271631e+62
6,7,7,7.73602085e+61
6,7,8,2.19020984e+60
6,7,9,2.47862730e+57
6,8,0,4.73223736e+54
6,8,1,4.56154907e+56
6,8,2,1.51088905e+59
6,8,3,2.19020983e+60
6,8,4,1.95210060e+61
6,8,5,8.41956716e+61
6,8,6,1.95210060e+61
6,8,7,2.19020984e+60
6,8,8,1.51088916e+59
6,8,9,4.52091953e+56
6,9,0,2.53607770e+52
6,9,1,5.26773944e+54
6,9,2,4.52083675e+56
6,9,3,2.47862717e+57
6,9,4,1.72759387e+58
6,9,5,1.24134603e+59
6,9,6,1.72759387e+58
6,9,7,2.47862730e+57
6,9,8,4.52091953e+56
6,9,9,5.23854593e+54
7,0,0,1.17845762e+49
7,0,1,6.60105716e+51
7,0,2,1.24491937e+54
7,0,3,1.26720462e+55
7,0,4,4.32890226e+55
7,0,5,5.99766044e+55
7,0,6,4.32890225e+55
7,0,7,1.26720472e+55
7,0,8,1.24492624e+54
7,0,9,6.56701670e+51
7,1,0,6.60105716e+51
7,1,1,1.09751493e+54
7,1,2,1.39800540e+56
7,1,3,1.00037350e+57
7,1,4,2.51486083e+57
7,1,5,3.78779431e+57
7,1,6,2.51486083e+57
7,1,7,1.00037353e+57
7,1,8,1.39802660e+56
7,1,9,1.08858596e+54
7,2,0,1.24491937e+54
7,2,1,1.39800540e+56
7,2,2,3.65053990e+58
7,2,3,4.30081287e+59
7,2,4,2.19020965e+60
7,2,5,5.54936334e+60
7,2,6,2.19020965e+60
7,2,7,4.30081291e+59
7,2,8,3.65054112e+58
7,2,9,1.38685617e+56
7,3,0,1.26720462e+55
7,3,1,1.00037350e+57
7,3,2,4.30081287e+59
7,3,3,7.77601918e+60
7,3,4,7.73602087e+61
7,3,5,2.82963837e+62
7,3,6,7.73602087e+61
7,3,7,7.77601922e+60
7,3,8,4.30081322e+59
7,3,9,9.89497723e+56
7,4,0,4.32890226e+55
7,4,1,2.51486083e+57
7,4,2,2.19020965e+60
7,4,3,7.73602087e+61
7,4,4,9.25271631e+62
7,4,5,3.13525520e+63
7,4,6,9.25271631e+62
7,4,7,7.73602085e+61
7,4,8,2.19020985e+60
7,4,9,2.47862730e+57
7,5,0,5.99766044e+55
7,5,1,3.78779430e+57
7,5,2,5.54936334e+60
7,5,3,2.82963837e+62
7,5,4,3.13525520e+63
7,5,5,7.83665798e+63
7,5,6,3.13525520e+63
7,5,7,2.82963835e+62
7,5,8,5.54936425e+60
7,5,9,3.73731513e+57
7,6,0,4.32890225e+55
7,6,1,2.51486083e+57
7,6,2,2.19020965e+60
7,6,3,7.73602087e+61
7,6,4,9.25271631e+62
7,6,5,3.13525520e+63
7,6,6,9.25271631e+62
7,6,7,7.73602085e+61
7,6,8,2.19020984e+60
7,6,9,2.47862730e+57
7,7,0,1.26720472e+55
7,7,1,1.00037353e+57
7,7,2,4.30081291e+59
7,7,3,7.77601922e+60
7,7,4,7.73602085e+61
7,7,5,2.82963835e+62
7,7,6,7.73602085e+61
7,7,7,7.77601927e+60
7,7,8,4.30081326e+59
7,7,9,9.89497753e+56
7,8,0,1.24492624e+54
7,8,1,1.39802660e+56
7,8,2,3.65054112e+58
7,8,3,4.30081322e+59
7,8,4,2.19020985e+60
7,8,5,5.54936425e+60
7,8,6,2.19020984e+60
7,8,7,4.30081326e+59
7,8,8,3.65054235e+58
7,8,9,1.38687718e+56
7,9,0,6.56701670e+51
7,9,1,1.08858596e+54
7,9,2,1.38685617e+56
7,9,3,9.89497723e+56
7,9,4,2.47862730e+57
7,9,5,3.73731513e+57
7,9,6,2.47862730e+57
7,9,7,9.89497753e+56
7,9,8,1.38687718e+56
7,9,9,1.07975406e+54
8,0,0,1.15089242e+48
8,0,1,4.62275857e+50
8,0,2,1.04737480e+53
8,0,3,1.24492615e+54
8,0,4,4.73223737e+54
8,0,5,6.37463001e+54
8,0,6,4.73223736e+54
8,0,7,1.24492624e+54
8,0,8,1.04738144e+53
8,0,9,4.58568612e+50
8,1,0,4.62275857e+50
8,1,1,7.40265578e+52
8,1,2,1.26024334e+55
8,1,3,1.39802657e+56
8,1,4,4.56154907e+56
8,1,5,4.79201044e+56
8,1,6,4.56154907e+56
8,1,7,1.39802660e+56
8,1,8,1.26026421e+55
8,1,9,7.32486186e+52
8,2,0,1.04737480e+53
8,2,1,1.26024334e+55
8,2,2,3.25900456e+57
8,2,3,3.65054109e+58
8,2,4,1.51088905e+59
8,2,5,2.42660423e+59
8,2,6,1.51088905e+59
8,2,7,3.65054112e+58
8,2,8,3.25900655e+57
8,2,9,1.25036373e+55
8,3,0,1.24492615e+54
8,3,1,1.39802657e+56
8,3,2,3.65054109e+58
8,3,3,4.30081318e+59
8,3,4,2.19020983e+60
8,3,5,5.54936424e+60
8,3,6,2.19020983e+60
8,3,7,4.30081322e+59
8,3,8,3.65054231e+58
8,3,9,1.38687714e+56
8,4,0,4.73223737e+54
8,4,1,4.56154907e+56
8,4,2,1.51088905e+59
8,4,3,2.19020983e+60
8,4,4,1.95210060e+61
8,4,5,8.41956716e+61
8,4,6,1.95210060e+61
8,4,7,2.19020985e+60
8,4,8,1.51088916e+59
8,4,9,4.52091953e+56
8,5,0,6.37463001e+54
8,5,1,4.79201044e+56
8,5,2,2.42660423e+59
8,5,3,5.54936424e+60
8,5,4,8.41956716e+61
8,5,5,3.88479557e+62
8,5,6,8.41956716e+61
8,5,7,5.54936425e+60
8,5,8,2.42660415e+59
8,5,9,4.73740304e+56
8,6,0,4.73223736e+54
8,6,1,4.56154907e+56
8,6,2,1.51088905e+59
8,6,3,2.19020983e+60
8,6,4,1.95210060e+61
8,6,5,8.41956716e+61
8,6,6,1.95210060e+61
8,6,7,2.19020984e+60
8,6,8,1.51088916e+59
8,6,9,4.52091953e+56
8,7,0,1.24492624e+54
8,7,1,1.39802660e+56
8,7,2,3.65054112e+58
8,7,3,4.30081322e+59
8,7,4,2.19020985e+60
8,7,5,5.54936425e+60
8,7,6,2.19020984e+60
8,7,7,4.30081326e+59
8,7,8,3.65054235e+58
8,7,9,1.38687718e+56
8,8,0,1.04738144e+53
8,8,1,1.26026421e+55
8,8,2,3.25900655e+57
8,8,3,3.65054231e+58
8,8,4,1.51088916e+59
8,8,5,2.42660415e+59
8,8,6,1.51088916e+59
8,8,7,3.65054235e+58
8,8,8,3.25900854e+57
8,8,9,1.25038440e+55
8,9,0,4.58568612e+50
8,9,1,7.32486185e+52
8,9,2,1.25036373e+55
8,9,3,1.38687714e+56
8,9,4,4.52091953e+56
8,9,5,4.73740305e+56
8,9,6,4.52091953e+56
8,9,7,1.38687718e+56
8,9,8,1.25038440e+55
8,9,9,7.24805343e+52
9,0,0,7.22239028e+45
9,0,1,1.97504865e+48
9,0,2,4.58565957e+50
9,0,3,6.56701604e+51
9,0,4,2.53607770e+52
9,0,5,2.71195185e+52
9,0,6,2.53607770e+52
9,0,7,6.56701670e+51
9,0,8,4.58568612e+50
9,0,9,1.95247640e+48
9,1,0,1.97504865e+48
9,1,1,2.32440595e+50
9,1,2,7.32484089e+52
9,1,3,1.08858592e+54
9,1,4,5.26773945e+54
9,1,5,5.57179959e+54
9,1,6,5.26773944e+54
9,1,7,1.08858596e+54
9,1,8,7.32486186e+52
9,1,9,2.28793456e+50
9,2,0,4.58565957e+50
9,2,1,7.32484089e+52
9,2,2,1.25034307e+55
9,2,3,1.38685614e+56
9,2,4,4.52083675e+56
9,2,5,4.73727997e+56
9,2,6,4.52083675e+56
9,2,7,1.38685617e+56
9,2,8,1.25036373e+55
9,2,9,7.24803401e+52
9,3,0,6.56701604e+51
9,3,1,1.08858592e+54
9,3,2,1.38685614e+56
9,3,3,9.89497693e+56
9,3,4,2.47862717e+57
9,3,5,3.73731495e+57
9,3,6,2.47862717e+57
9,3,7,9.89497723e+56
9,3,8,1.38687714e+56
9,3,9,1.07975402e+54
9,4,0,2.53607770e+52
9,4,1,5.26773945e+54
9,4,2,4.52083675e+56
9,4,3,2.47862717e+57
9,4,4,1.72759387e+58
9,4,5,1.24134603e+59
9,4,6,1.72759387e+58
9,4,7,2.47862730e+57
9,4,8,4.52091953e+56
9,4,9,5.23854594e+54
9,5,0,2.71195185e+52
9,5,1,5.57179959e+54
9,5,2,4.73727997e+56
9,5,3,3.73731495e+57
9,5,4,1.24134603e+59
9,5,5,8.96861931e+59
9,5,6,1.24134603e+59
9,5,7,3.73731513e+57
9,5,8,4.73740304e+56
9,5,9,5.53861205e+54
9,6,0,2.53607770e+52
9,6,1,5.26773944e+54
9,6,2,4.52083675e+56
9,6,3,2.47862717e+57
9,6,4,1.72759387e+58
9,6,5,1.24134603e+59
9,6,6,1.72759387e+58
9,6,7,2.47862730e+57
9,6,8,4.52091953e+56
9,6,9,5.23854593e+54
9,7,0,6.56701670e+51
9,7,1,1.08858596e+54
9,7,2,1.38685617e+56
9,7,3,9.89497723e+56
9,7,4,2.47862730e+57
9,7,5,3.73731513e+57
9,7,6,2.47862730e+57
9,7,7,9.89497753e+56
9,7,8,1.38687718e+56
9,7,9,1.07975406e+54
9,8,0,4.58568612e+50
9,8,1,7.32486185e+52
9,8,2,1.25036373e+55
9,8,3,1.38687714e+56
9,8,4,4.52091953e+56
9,8,5,4.73740305e+56
9,8,6,4.52091953e+56
9,8,7,1.38687718e+56
9,8,8,1.25038440e+55
9,8,9,7.24805343e+52
9,9,0,1.95247640e+48
9,9,1,2.28793456e+50
9,9,2,7.24803401e+52
9,9,3,1.07975402e+54
9,9,4,5.23854594e+54
9,9,5,5.53861205e+54
9,9,6,5.23854593e+54
9,9,7,1.07975406e+54
9,9,8,7.24805343e+52
9,9,9,2.25214854e+50
