i,j,k,Fz
0,0,0,-1.18105087e+41
0,0,1,-1.28831187e+45
0,0,2,-7.18768019e+46
0,0,3,-4.43309642e+47
0,0,4,-4.52997378e+47
0,0,5,3.50898399e+39
0,0,6,4.52997348e+47
0,0,7,4.43309339e+47
0,0,8,7.18772433e+46
0,0,9,1.28828527e+45
0,1,0,-3.30760659e+44
0,1,1,-2.17547874e+47
0,1,2,-1.56892997e+49
0,1,3,-1.99596259e+50
0,1,4,-1.91178785e+50
0,1,5,7.85721044e+40
0,1,6,1.91178787e+50
0,1,7,1.99596165e+50
0,1,8,1.56893625e+49
0,1,9,2.17840639e+47
0,2,0,-7.71030021e+46
0,2,1,-4.62042627e+49
0,2,2,-2.62619895e+51
0,2,3,-2.04977656e+52
0,2,4,-2.30314168e+52
0,2,5,2.55016689e+43
0,2,6,2.30314178e+52
0,2,7,2.04977504e+52
0,2,8,2.62619949e+51
0,2,9,4.63094972e+49
0,3,0,-1.51591541e+48
0,3,1,-7.74887930e+50
0,3,2,-2.80351270e+52
0,3,3,-1.38524568e+53
0,3,4,-1.74886194e+53
0,3,5,7.35967402e+44
0,3,6,1.74886203e+53
0,3,7,1.38524432e+53
0,3,8,2.80348821e+52
0,3,9,7.77368677e+50
0,4,0,-5.78149237e+48
0,4,1,-3.25437376e+51
0,4,2,-7.45924896e+52
0,4,3,-3.83937037e+53
0,4,4,-4.31894415e+54
0,4,5,9.43026793e+45
0,4,6,4.31894423e+54
0,4,7,3.83936620e+53
0,4,8,7.45900936e+52
0,4,9,3.25772429e+51
0,5,0,-5.66358485e+48
0,5,1,-2.88628798e+51
0,5,2,-7.32218595e+52
0,5,3,-1.23491544e+54
0,5,4,-2.96212635e+55
0,5,5,2.19202809e+46
0,5,6,2.96212636e+55
0,5,7,1.23491405e+54
0,5,8,7.32224169e+52
0,5,9,2.88714526e+51
0,6,0,-5.78149237e+48
0,6,1,-3.25437376e+51
0,6,2,-7.45924894e+52
0,6,3,-3.83937036e+53
0,6,4,-4.31894415e+54
0,6,5,9.47793323e+45
0,6,6,4.31894422e+54
0,6,7,3.83936619e+53
0,6,8,7.45900935e+52
0,6,9,3.25772429e+51
0,7,0,-1.51591557e+48
0,7,1,-7.74887999e+50
0,7,2,-2.80351303e+52
0,7,3,-1.38524578e+53
0,7,4,-1.74886223e+53
0,7,5,7.36321796e+44
0,7,6,1.74886232e+53
0,7,7,1.38524442e+53
0,7,8,2.80348853e+52
0,7,9,7.77368746e+50
0,8,0,-7.71031221e+46
0,8,1,-4.62045590e+49
0,8,2,-2.62621126e+51
0,8,3,-2.04978941e+52
0,8,4,-2.30316206e+52
0,8,5,2.55024341e+43
0,8,6,2.30316216e+52
0,8,7,2.04978789e+52
0,8,8,2.62621179e+51
0,8,9,4.63097917e+49
0,9,0,-3.26548190e+44
0,9,1,-2.15548786e+47
0,9,2,-1.56145739e+49
0,9,3,-1.99882109e+50
0,9,4,-1.88373498e+50
0,9,5,7.06567747e+40
0,9,6,1.88373500e+50
0,9,7,1.99882016e+50
0,9,8,1.56146358e+49
0,9,9,2.15846877e+47
1,0,0,-3.30760659e+44
1,0,1,-2.17547874e+47
1,0,2,-1.56892997e+49
1,0,3,-1.99596259e+50
1,0,4,-1.91178785e+50
1,0,5,7.85721044e+40
1,0,6,1.91178787e+50
1,0,7,1.99596165e+50
1,0,8,1.56893625e+49
1,0,9,2.17840639e+47
1,1,0,-1.46648975e+48
1,1,1,-1.02257457e+50
1,1,2,-1.93009373e+52
1,1,3,-1.97436859e+53
1,1,4,-4.56423185e+53
1,1,5,1.07961253e+43
1,1,6,4.56423186e+53
1,1,7,1.97436848e+53
1,1,8,1.93010129e+52
1,1,9,1.02193561e+50
1,2,0,-3.43253962e+50
1,2,1,-3.68097582e+52
1,2,2,-4.02063704e+54
1,2,3,-3.11216216e+55
1,2,4,-5.25322199e+55
1,2,5,1.79411155e+45
1,2,6,5.25322200e+55
1,2,7,3.11216203e+55
1,2,8,4.02069785e+54
1,2,9,3.67574091e+52
1,3,0,-4.88569904e+51
1,3,1,-5.65053902e+53
1,3,2,-4.80156992e+55
1,3,3,-2.32055267e+56
1,3,4,-3.35821008e+56
1,3,5,3.05264778e+46
1,3,6,3.35821009e+56
1,3,7,2.32055252e+56
1,3,8,4.80163707e+55
1,3,9,5.64934386e+53
1,4,0,-1.82240431e+52
1,4,1,-2.79075624e+54
1,4,2,-1.59935292e+56
1,4,3,-6.57587027e+56
1,4,4,-2.20528327e+57
1,4,5,1.26044074e+47
1,4,6,2.20528327e+57
1,4,7,6.57587004e+56
1,4,8,1.59937943e+56
1,4,9,2.79272342e+54
1,5,0,-1.99320098e+52
1,5,1,-2.97278239e+54
1,5,2,-1.68716866e+56
1,5,3,-1.16276479e+57
1,5,4,-1.41371372e+58
1,5,5,-6.03976994e+46
1,5,6,1.41371372e+58
1,5,7,1.16276478e+57
1,5,8,1.68720622e+56
1,5,9,2.97134215e+54
1,6,0,-1.82240430e+52
1,6,1,-2.79075623e+54
1,6,2,-1.59935292e+56
1,6,3,-6.57587026e+56
1,6,4,-2.20528327e+57
1,6,5,1.27098899e+47
1,6,6,2.20528327e+57
1,6,7,6.57587003e+56
1,6,8,1.59937943e+56
1,6,9,2.79272342e+54
1,7,0,-4.88569954e+51
1,7,1,-5.65053930e+53
1,7,2,-4.80157007e+55
1,7,3,-2.32055277e+56
1,7,4,-3.35821026e+56
1,7,5,3.06114124e+46
1,7,6,3.35821027e+56
1,7,7,2.32055262e+56
1,7,8,4.80163722e+55
1,7,9,5.64934414e+53
1,8,0,-3.43255957e+50
1,8,1,-3.68098644e+52
1,8,2,-4.02070428e+54
1,8,3,-3.11220866e+55
1,8,4,-5.25331640e+55
1,8,5,1.79274845e+45
1,8,6,5.25331640e+55
1,8,7,3.11220853e+55
1,8,8,4.02076509e+54
1,8,9,3.67575124e+52
1,9,0,-1.44923905e+48
1,9,1,-9.98688658e+49
1,9,2,-1.89944857e+52
1,9,3,-1.95116117e+53
1,9,4,-4.53095932e+53
1,9,5,1.00109265e+43
1,9,6,4.53095932e+53
1,9,7,1.95116107e+53
1,9,8,1.89945579e+52
1,9,9,9.98211940e+49
2,0,0,-7.71030021e+46
2,0,1,-4.62042627e+49
2,0,2,-2.62619895e+51
2,0,3,-2.04977656e+52
2,0,4,-2.30314168e+52
2,0,5,2.55016689e+43
2,0,6,2.30314178e+52
2,0,7,2.04977504e+52
2,0,8,2.62619949e+51
2,0,9,4.63094972e+49
2,1,0,-3.43253962e+50
2,1,1,-3.68097582e+52
2,1,2,-4.02063704e+54
2,1,3,-3.11216216e+55
2,1,4,-5.25322199e+55
2,1,5,1.79411155e+45
2,1,6,5.25322200e+55
2,1,7,3.11216203e+55
2,1,8,4.02069785e+54
2,1,9,3.67574091e+52
2,2,0,-7.84647630e+52
2,2,1,-7.55003269e+54
2,2,2,-1.41118951e+57
2,2,3,-1.15620519e+58
2,2,4,-2.57175778e+58
2,2,5,2.84849320e+47
2,2,6,2.57175778e+58
2,2,7,1.15620517e+58
2,2,8,1.41119028e+57
2,2,9,7.52609307e+54
2,3,0,-9.33043340e+53
2,3,1,-8.78609366e+55
2,3,2,-1.75489498e+58
2,3,3,-1.56031902e+59
2,3,4,-4.15920892e+59
2,3,5,2.44841153e+48
2,3,6,4.15920892e+59
2,3,7,1.56031901e+59
2,3,8,1.75489546e+58
2,3,9,8.74810770e+55
2,4,0,-3.54830145e+54
2,4,1,-2.97825863e+56
2,4,2,-7.80361260e+58
2,4,3,-8.86976632e+59
2,4,4,-3.98802654e+60
2,4,5,-8.65375414e+48
2,4,6,3.98802654e+60
2,4,7,8.86976629e+59
2,4,8,7.80361297e+58
2,4,9,2.96084371e+56
2,5,0,-4.78037894e+54
2,5,1,-3.17327622e+56
2,5,2,-1.28690127e+59
2,5,3,-2.33778035e+60
2,5,4,-1.66498478e+61
2,5,5,-3.41413154e+50
2,5,6,1.66498478e+61
2,5,7,2.33778034e+60
2,5,8,1.28690123e+59
2,5,9,3.14803128e+56
2,6,0,-3.54830144e+54
2,6,1,-2.97825862e+56
2,6,2,-7.80361260e+58
2,6,3,-8.86976631e+59
2,6,4,-3.98802654e+60
2,6,5,-8.65126577e+48
2,6,6,3.98802654e+60
2,6,7,8.86976628e+59
2,6,8,7.80361297e+58
2,6,9,2.96084371e+56
2,7,0,-9.33043415e+53
2,7,1,-8.78609392e+55
2,7,2,-1.75489501e+58
2,7,3,-1.56031904e+59
2,7,4,-4.15920897e+59
2,7,5,2.44862316e+48
2,7,6,4.15920897e+59
2,7,7,1.56031903e+59
2,7,8,1.75489549e+58
2,7,9,8.74810795e+55
2,8,0,-7.84652612e+52
2,8,1,-7.55016043e+54
2,8,2,-1.41119042e+57
2,8,3,-1.15620557e+58
2,8,4,-2.57175791e+58
2,8,5,2.84838120e+47
2,8,6,2.57175791e+58
2,8,7,1.15620555e+58
2,8,8,1.41119119e+57
2,8,9,7.52621994e+54
2,9,0,-3.40434509e+50
2,9,1,-3.61400081e+52
2,9,2,-3.95580576e+54
2,9,3,-3.06063406e+55
2,9,4,-5.15750801e+55
2,9,5,1.69999361e+45
2,9,6,5.15750801e+55
2,9,7,3.06063394e+55
2,9,8,3.95586588e+54
2,9,9,3.60935877e+52
3,0,0,-1.51591541e+48
3,0,1,-7.74887930e+50
3,0,2,-2.80351270e+52
3,0,3,-1.38524568e+53
3,0,4,-1.74886194e+53
3,0,5,7.35967402e+44
3,0,6,1.74886203e+53
3,0,7,1.38524432e+53
3,0,8,2.80348821e+52
3,0,9,7.77368677e+50
3,1,0,-4.88569904e+51
3,1,1,-5.65053902e+53
3,1,2,-4.80156992e+55
3,1,3,-2.32055267e+56
3,1,4,-3.35821008e+56
3,1,5,3.05264778e+46
3,1,6,3.35821009e+56
3,1,7,2.32055252e+56
3,1,8,4.80163707e+55
3,1,9,5.64934386e+53
3,2,0,-9.33043340e+53
3,2,1,-8.78609366e+55
3,2,2,-1.75489498e+58
3,2,3,-1.56031902e+59
3,2,4,-4.15920892e+59
3,2,5,2.44841153e+48
3,2,6,4.15920892e+59
3,2,7,1.56031901e+59
3,2,8,1.75489546e+58
3,2,9,8.74810770e+55
3,3,0,-9.50201459e+54
3,3,1,-6.74700629e+56
3,3,2,-2.35273597e+59
3,3,3,-3.36711505e+60
3,3,4,-1.72785318e+61
3,3,5,6.60070666e+49
3,3,6,1.72785318e+61
3,3,7,3.36711505e+60
3,3,8,2.35273618e+59
3,3,9,6.69267485e+56
3,4,0,-3.24640229e+55
3,4,1,-1.73561185e+57
3,4,2,-1.31856172e+60
3,4,3,-3.91649774e+61
3,4,4,-2.79304501e+62
3,4,5,-5.89372553e+51
3,4,6,2.79304501e+62
3,4,7,3.91649773e+61
3,4,8,1.31856181e+60
3,4,9,1.71563348e+57
3,5,0,-4.49654949e+55
3,5,1,-2.59198412e+57
3,5,2,-3.44343060e+60
3,5,3,-1.50064237e+62
3,5,4,-1.05256577e+63
3,5,5,-3.27922867e+52
3,5,6,1.05256577e+63
3,5,7,1.50064236e+62
3,5,8,3.44343052e+60
3,5,9,2.56605756e+57
3,6,0,-3.24640228e+55
3,6,1,-1.73561184e+57
3,6,2,-1.31856172e+60
3,6,3,-3.91649774e+61
3,6,4,-2.79304501e+62
3,6,5,-5.89377104e+51
3,6,6,2.79304501e+62
3,6,7,3.91649773e+61
3,6,8,1.31856181e+60
3,6,9,1.71563348e+57
3,7,0,-9.50201537e+54
3,7,1,-6.74700656e+56
3,7,2,-2.35273600e+59
3,7,3,-3.36711508e+60
3,7,4,-1.72785318e+61
3,7,5,6.60049069e+49
3,7,6,1.72785318e+61
3,7,7,3.36711508e+60
3,7,8,2.35273621e+59
3,7,9,6.69267511e+56
3,8,0,-9.33048501e+53
3,8,1,-8.78623024e+55
3,8,2,-1.75489568e+58
3,8,3,-1.56031914e+59
3,8,4,-4.15920948e+59
3,8,5,2.44797668e+48
3,8,6,4.15920948e+59
3,8,7,1.56031912e+59
3,8,8,1.75489616e+58
3,8,9,8.74824314e+55
3,9,0,-4.85941881e+51
3,9,1,-5.56194386e+53
3,9,2,-4.72151360e+55
3,9,3,-2.26746535e+56
3,9,4,-3.25659370e+56
3,9,5,2.90311428e+46
3,9,6,3.25659371e+56
3,9,7,2.26746520e+56
3,9,8,4.72158015e+55
3,9,9,5.56151168e+53
4,0,0,-5.78149237e+48
4,0,1,-3.25437376e+51
4,0,2,-7.45924896e+52
4,0,3,-3.83937037e+53
4,0,4,-4.31894415e+54
4,0,5,9.43026793e+45
4,0,6,4.31894423e+54
4,0,7,3.83936620e+53
4,0,8,7.45900936e+52
4,0,9,3.25772429e+51
4,1,0,-1.82240431e+52
4,1,1,-2.79075624e+54
4,1,2,-1.59935292e+56
4,1,3,-6.57587027e+56
4,1,4,-2.20528327e+57
4,1,5,1.26044074e+47
4,1,6,2.20528327e+57
4,1,7,6.57587004e+56
4,1,8,1.59937943e+56
4,1,9,2.79272342e+54
4,2,0,-3.54830145e+54
4,2,1,-2.97825863e+56
4,2,2,-7.80361260e+58
4,2,3,-8.86976632e+59
4,2,4,-3.98802654e+60
4,2,5,-8.65375414e+48
4,2,6,3.98802654e+60
4,2,7,8.86976629e+59
4,2,8,7.80361297e+58
4,2,9,2.96084371e+56
4,3,0,-3.24640229e+55
4,3,1,-1.73561185e+57
4,3,2,-1.31856172e+60
4,3,3,-3.91649774e+61
4,3,4,-2.79304501e+62
4,3,5,-5.89372553e+51
4,3,6,2.79304501e+62
4,3,7,3.91649773e+61
4,3,8,1.31856181e+60
4,3,9,1.71563348e+57
4,4,0,-1.63489857e+56
4,4,1,-1.27290397e+58
4,4,2,-1.35108345e+61
4,4,3,-5.70569687e+62
4,4,4,-2.77929157e+63
4,4,5,-5.97121349e+52
4,4,6,2.77929157e+63
4,4,7,5.70569683e+62
4,4,8,1.35108444e+61
4,4,9,1.25972023e+58
4,5,0,-7.49623884e+56
4,5,1,-9.26818838e+58
4,5,2,-6.09121135e+61
4,5,3,-2.10270829e+63
4,5,4,-5.88611505e+63
4,5,5,-1.22833460e+53
4,5,6,5.88611505e+63
4,5,7,2.10270825e+63
4,5,8,6.09121833e+61
4,5,9,9.20648927e+58
4,6,0,-1.63489857e+56
4,6,1,-1.27290397e+58
4,6,2,-1.35108345e+61
4,6,3,-5.70569687e+62
4,6,4,-2.77929157e+63
4,6,5,-5.97120775e+52
4,6,6,2.77929157e+63
4,6,7,5.70569683e+62
4,6,8,1.35108444e+61
4,6,9,1.25972023e+58
4,7,0,-3.24640257e+55
4,7,1,-1.73561196e+57
4,7,2,-1.31856174e+60
4,7,3,-3.91649774e+61
4,7,4,-2.79304500e+62
4,7,5,-5.89380403e+51
4,7,6,2.79304499e+62
4,7,7,3.91649772e+61
4,7,8,1.31856183e+60
4,7,9,1.71563359e+57
4,8,0,-3.54831940e+54
4,8,1,-2.97831499e+56
4,8,2,-7.80361341e+58
4,8,3,-8.86976752e+59
4,8,4,-3.98803061e+60
4,8,5,-8.64286421e+48
4,8,6,3.98803061e+60
4,8,7,8.86976749e+59
4,8,8,7.80361378e+58
4,8,9,2.96089932e+56
4,9,0,-1.80784634e+52
4,9,1,-2.75758170e+54
4,9,2,-1.56963719e+56
4,9,3,-6.37431257e+56
4,9,4,-2.14396276e+57
4,9,5,1.24672323e+47
4,9,6,2.14396276e+57
4,9,7,6.37431237e+56
4,9,8,1.56966338e+56
4,9,9,2.75988660e+54
5,0,0,-5.66358485e+48
5,0,1,-2.88628798e+51
5,0,2,-7.32218595e+52
5,0,3,-1.23491544e+54
5,0,4,-2.96212635e+55
5,0,5,2.19202809e+46
5,0,6,2.96212636e+55
5,0,7,1.23491405e+54
5,0,8,7.32224169e+52
5,0,9,2.88714526e+51
5,1,0,-1.99320098e+52
5,1,1,-2.97278239e+54
5,1,2,-1.68716866e+56
5,1,3,-1.16276479e+57
5,1,4,-1.41371372e+58
5,1,5,-6.03976994e+46
5,1,6,1.41371372e+58
5,1,7,1.16276478e+57
5,1,8,1.68720622e+56
5,1,9,2.97134215e+54
5,2,0,-4.78037894e+54
5,2,1,-3.17327622e+56
5,2,2,-1.28690127e+59
5,2,3,-2.33778035e+60
5,2,4,-1.66498478e+61
5,2,5,-3.41413154e+50
5,2,6,1.66498478e+61
5,2,7,2.33778034e+60
5,2,8,1.28690123e+59
5,2,9,3.14803128e+56
5,3,0,-4.49654949e+55
5,3,1,-2.59198412e+57
5,3,2,-3.44343060e+60
5,3,3,-1.50064237e+62
5,3,4,-1.05256577e+63
5,3,5,-3.27922867e+52
5,3,6,1.05256577e+63
5,3,7,1.50064236e+62
5,3,8,3.44343052e+60
5,3,9,2.56605756e+57
5,4,0,-7.49623884e+56
5,4,1,-9.26818838e+58
5,4,2,-6.09121135e+61
5,4,3,-2.10270829e+63
5,4,4,-5.88611505e+63
5,4,5,-1.22833460e+53
5,4,6,5.88611505e+63
5,4,7,2.10270825e+63
5,4,8,6.09121833e+61
5,4,9,9.20648927e+58
5,5,0,-5.69924167e+57
5,5,1,-6.77329257e+59
5,5,2,-2.91358030e+62
5,5,3,-5.87749346e+63
5,5,4,-1.17354843e+64
5,5,5,-2.32864848e+52
5,5,6,1.17354843e+64
5,5,7,5.87749348e+63
5,5,8,2.91359668e+62
5,5,9,6.72646455e+59
5,6,0,-7.49623883e+56
5,6,1,-9.26818837e+58
5,6,2,-6.09121135e+61
5,6,3,-2.10270829e+63
5,6,4,-5.88611505e+63
5,6,5,-1.22833341e+53
5,6,6,5.88611504e+63
5,6,7,2.10270825e+63
5,6,8,6.09121832e+61
5,6,9,9.20648926e+58
5,7,0,-4.49654989e+55
5,7,1,-2.59198428e+57
5,7,2,-3.44343062e+60
5,7,3,-1.50064236e+62
5,7,4,-1.05256575e+63
5,7,5,-3.27923980e+52
5,7,6,1.05256575e+63
5,7,7,1.50064235e+62
5,7,8,3.44343054e+60
5,7,9,2.56605771e+57
5,8,0,-4.78041176e+54
5,8,1,-3.17336217e+56
5,8,2,-1.28690123e+59
5,8,3,-2.33778168e+60
5,8,4,-1.66498779e+61
5,8,5,-3.41434288e+50
5,8,6,1.66498779e+61
5,8,7,2.33778167e+60
5,8,8,1.28690119e+59
5,8,9,3.14811605e+56
5,9,0,-1.97713806e+52
5,9,1,-2.93835167e+54
5,9,2,-1.64724729e+56
5,9,3,-1.12786538e+57
5,9,4,-1.38507340e+58
5,9,5,-3.13727415e+46
5,9,6,1.38507340e+58
5,9,7,1.12786537e+57
5,9,8,1.64728440e+56
5,9,9,2.93729260e+54
6,0,0,-5.78149237e+48
6,0,1,-3.25437376e+51
6,0,2,-7.45924894e+52
6,0,3,-3.83937036e+53
6,0,4,-4.31894415e+54
6,0,5,9.47793323e+45
6,0,6,4.31894422e+54
6,0,7,3.83936619e+53
6,0,8,7.45900935e+52
6,0,9,3.25772429e+51
6,1,0,-1.82240430e+52
6,1,1,-2.79075623e+54
6,1,2,-1.59935292e+56
6,1,3,-6.57587026e+56
6,1,4,-2.20528327e+57
6,1,5,1.27098899e+47
6,1,6,2.20528327e+57
6,1,7,6.57587003e+56
6,1,8,1.59937943e+56
6,1,9,2.79272342e+54
6,2,0,-3.54830144e+54
6,2,1,-2.97825862e+56
6,2,2,-7.80361260e+58
6,2,3,-8.86976631e+59
6,2,4,-3.98802654e+60
6,2,5,-8.65126577e+48
6,2,6,3.98802654e+60
6,2,7,8.86976628e+59
6,2,8,7.80361297e+58
6,2,9,2.96084371e+56
6,3,0,-3.24640228e+55
6,3,1,-1.73561184e+57
6,3,2,-1.31856172e+60
6,3,3,-3.91649774e+61
6,3,4,-2.79304501e+62
6,3,5,-5.89377104e+51
6,3,6,2.79304501e+62
6,3,7,3.91649773e+61
6,3,8,1.31856181e+60
6,3,9,1.71563348e+57
6,4,0,-1.63489857e+56
6,4,1,-1.27290397e+58
6,4,2,-1.35108345e+61
6,4,3,-5.70569687e+62
6,4,4,-2.77929157e+63
6,4,5,-5.97120775e+52
6,4,6,2.77929157e+63
6,4,7,5.70569683e+62
6,4,8,1.35108444e+61
6,4,9,1.25972023e+58
6,5,0,-7.49623883e+56
6,5,1,-9.26818837e+58
6,5,2,-6.09121135e+61
6,5,3,-2.10270829e+63
6,5,4,-5.88611505e+63
6,5,5,-1.22833341e+53
6,5,6,5.88611504e+63
6,5,7,2.10270825e+63
6,5,8,6.09121832e+61
6,5,9,9.20648926e+58
6,6,0,-1.63489857e+56
6,6,1,-1.27290397e+58
6,6,2,-1.35108345e+61
6,6,3,-5.70569686e+62
6,6,4,-2.77929157e+63
6,6,5,-5.97122211e+52
6,6,6,2.77929157e+63
6,6,7,5.70569683e+62
6,6,8,1.35108444e+61
6,6,9,1.25972023e+58
6,7,0,-3.24640256e+55
6,7,1,-1.73561196e+57
6,7,2,-1.31856174e+60
6,7,3,-3.91649774e+61
6,7,4,-2.79304499e+62
6,7,5,-5.89380810e+51
6,7,6,2.79304499e+62
6,7,7,3.91649772e+61
6,7,8,1.31856183e+60
6,7,9,1.71563359e+57
6,8,0,-3.54831939e+54
6,8,1,-2.97831499e+56
6,8,2,-7.80361340e+58
6,8,3,-8.86976752e+59
6,8,4,-3.98803061e+60
6,8,5,-8.64385262e+48
6,8,6,3.98803061e+60
6,8,7,8.86976749e+59
6,8,8,7.80361377e+58
6,8,9,2.96089931e+56
6,9,0,-1.80784633e+52
6,9,1,-2.75758170e+54
6,9,2,-1.56963719e+56
6,9,3,-6.37431256e+56
6,9,4,-2.14396276e+57
6,9,5,1.23792483e+47
6,9,6,2.14396276e+57
6,9,7,6.37431236e+56
6,9,8,1.56966338e+56
6,9,9,2.75988660e+54
7,0,0,-1.51591557e+48
7,0,1,-7.74887999e+50
7,0,2,-2.80351303e+52
7,0,3,-1.38524578e+53
7,0,4,-1.74886223e+53
7,0,5,7.36321796e+44
7,0,6,1.74886232e+53
7,0,7,1.38524442e+53
7,0,8,2.80348853e+52
7,0,9,7.77368746e+50
7,1,0,-4.88569954e+51
7,1,1,-5.65053930e+53
7,1,2,-4.80157007e+55
7,1,3,-2.32055277e+56
7,1,4,-3.35821026e+56
7,1,5,3.06114124e+46
7,1,6,3.35821027e+56
7,1,7,2.32055262e+56
7,1,8,4.80163722e+55
7,1,9,5.64934414e+53
7,2,0,-9.33043415e+53
7,2,1,-8.78609392e+55
7,2,2,-1.75489501e+58
7,2,3,-1.56031904e+59
7,2,4,-4.15920897e+59
7,2,5,2.44862316e+48
7,2,6,4.15920897e+59
7,2,7,1.56031903e+59
7,2,8,1.75489549e+58
7,2,9,8.74810795e+55
7,3,0,-9.50201537e+54
7,3,1,-6.74700656e+56
7,3,2,-2.35273600e+59
7,3,3,-3.36711508e+60
7,3,4,-1.72785318e+61
7,3,5,6.60049069e+49
7,3,6,1.72785318e+61
7,3,7,3.36711508e+60
7,3,8,2.35273621e+59
7,3,9,6.69267511e+56
7,4,0,-3.24640257e+55
7,4,1,-1.73561196e+57
7,4,2,-1.31856174e+60
7,4,3,-3.91649774e+61
7,4,4,-2.79304500e+62
7,4,5,-5.89380403e+51
7,4,6,2.79304499e+62
7,4,7,3.91649772e+61
7,4,8,1.31856183e+60
7,4,9,1.71563359e+57
7,5,0,-4.49654989e+55
7,5,1,-2.59198428e+57
7,5,2,-3.44343062e+60
7,5,3,-1.50064236e+62
7,5,4,-1.05256575e+63
7,5,5,-3.27923980e+52
7,5,6,1.05256575e+63
7,5,7,1.50064235e+62
7,5,8,3.44343054e+60
7,5,9,2.56605771e+57
7,6,0,-3.24640256e+55
7,6,1,-1.73561196e+57
7,6,2,-1.31856174e+60
7,6,3,-3.91649774e+61
7,6,4,-2.79304499e+62
7,6,5,-5.89380810e+51
7,6,6,2.79304499e+62
7,6,7,3.91649772e+61
7,6,8,1.31856183e+60
7,6,9,1.71563359e+57
7,7,0,-9.50201615e+54
7,7,1,-6.74700684e+56
7,7,2,-2.35273604e+59
7,7,3,-3.36711511e+60
7,7,4,-1.72785318e+61
7,7,5,6.60042455e+49
7,7,6,1.72785318e+61
7,7,7,3.36711511e+60
7,7,8,2.35273625e+59
7,7,9,6.69267538e+56
7,8,0,-9.33048575e+53
7,8,1,-8.78623050e+55
7,8,2,-1.75489571e+58
7,8,3,-1.56031916e+59
7,8,4,-4.15920954e+59
7,8,5,2.44801448e+48
7,8,6,4.15920954e+59
7,8,7,1.56031914e+59
7,8,8,1.75489619e+58
7,8,9,8.74824339e+55
7,9,0,-4.85941930e+51
7,9,1,-5.56194413e+53
7,9,2,-4.72151374e+55
7,9,3,-2.26746544e+56
7,9,4,-3.25659387e+56
7,9,5,2.89772080e+46
7,9,6,3.25659388e+56
7,9,7,2.26746530e+56
7,9,8,4.72158030e+55
7,9,9,5.56151194e+53
8,0,0,-7.71031221e+46
8,0,1,-4.62045590e+49
8,0,2,-2.62621126e+51
8,0,3,-2.04978941e+52
8,0,4,-2.30316206e+52
8,0,5,2.55024341e+43
8,0,6,2.30316216e+52
8,0,7,2.04978789e+52
8,0,8,2.62621179e+51
8,0,9,4.63097917e+49
8,1,0,-3.43255957e+50
8,1,1,-3.68098644e+52
8,1,2,-4.02070428e+54
8,1,3,-3.11220866e+55
8,1,4,-5.25331640e+55
8,1,5,1.79274845e+45
8,1,6,5.25331640e+55
8,1,7,3.11220853e+55
8,1,8,4.02076509e+54
8,1,9,3.67575124e+52
8,2,0,-7.84652612e+52
8,2,1,-7.55016043e+54
8,2,2,-1.41119042e+57
8,2,3,-1.15620557e+58
8,2,4,-2.57175791e+58
8,2,5,2.84838120e+47
8,2,6,2.57175791e+58
8,2,7,1.15620555e+58
8,2,8,1.41119119e+57
8,2,9,7.52621994e+54
8,3,0,-9.33048501e+53
8,3,1,-8.78623024e+55
8,3,2,-1.75489568e+58
8,3,3,-1.56031914e+59
8,3,4,-4.15920948e+59
8,3,5,2.44797668e+48
8,3,6,4.15920948e+59
8,3,7,1.56031912e+59
8,3,8,1.75489616e+58
8,3,9,8.74824314e+55
8,4,0,-3.54831940e+54
8,4,1,-2.97831499e+56
8,4,2,-7.80361341e+58
8,4,3,-8.86976752e+59
8,4,4,-3.98803061e+60
8,4,5,-8.64286421e+48
8,4,6,3.98803061e+60
8,4,7,8.86976749e+59
8,4,8,7.80361378e+58
8,4,9,2.96089932e+56
8,5,0,-4.78041176e+54
8,5,1,-3.17336217e+56
8,5,2,-1.28690123e+59
8,5,3,-2.33778168e+60
8,5,4,-1.66498779e+61
8,5,5,-3.41434288e+50
8,5,6,1.66498779e+61
8,5,7,2.33778167e+60
8,5,8,1.28690119e+59
8,5,9,3.14811605e+56
8,6,0,-3.54831939e+54
8,6,1,-2.97831499e+56
8,6,2,-7.80361340e+58
8,6,3,-8.86976752e+59
8,6,4,-3.98803061e+60
8,6,5,-8.64385262e+48
8,6,6,3.98803061e+60
8,6,7,8.86976749e+59
8,6,8,7.80361377e+58
8,6,9,2.96089931e+56
8,7,0,-9.33048575e+53
8,7,1,-8.78623050e+55
8,7,2,-1.75489571e+58
8,7,3,-1.56031916e+59
8,7,4,-4.15920954e+59
8,7,5,2.44801448e+48
8,7,6,4.15920954e+59
8,7,7,1.56031914e+59
8,7,8,1.75489619e+58
8,7,9,8.74824339e+55
8,8,0,-7.84657593e+52
8,8,1,-7.55028816e+54
8,8,2,-1.41119132e+57
8,8,3,-1.15620594e+58
8,8,4,-2.57175804e+58
8,8,5,2.84814511e+47
8,8,6,2.57175804e+58
8,8,7,1.15620592e+58
8,8,8,1.41119209e+57
8,8,9,7.52634681e+54
8,9,0,-3.40436478e+50
8,9,1,-3.61401040e+52
8,9,2,-3.95587169e+54
8,9,3,-3.06067962e+55
8,9,4,-5.15760024e+55
8,9,5,1.70075688e+45
8,9,6,5.15760025e+55
8,9,7,3.06067949e+55
8,9,8,3.95593181e+54
8,9,9,3.60936798e+52
9,0,0,-3.26548190e+44
9,0,1,-2.15548786e+47
9,0,2,-1.56145739e+49
9,0,3,-1.99882109e+50
9,0,4,-1.88373498e+50
9,0,5,7.06567747e+40
9,0,6,1.88373500e+50
9,0,7,1.99882016e+50
9,0,8,1.56146358e+49
9,0,9,2.15846877e+47
9,1,0,-1.44923905e+48
9,1,1,-9.98688658e+49
9,1,2,-1.89944857e+52
9,1,3,-1.95116117e+53
9,1,4,-4.53095932e+53
9,1,5,1.00109265e+43
9,1,6,4.53095932e+53
9,1,7,1.95116107e+53
9,1,8,1.89945579e+52
9,1,9,9.98211940e+49
9,2,0,-3.40434509e+50
9,2,1,-3.61400081e+52
9,2,2,-3.95580576e+54
9,2,3,-3.06063406e+55
9,2,4,-5.15750801e+55
9,2,5,1.69999361e+45
9,2,6,5.15750801e+55
9,2,7,3.06063394e+55
9,2,8,3.95586588e+54
9,2,9,3.60935877e+52
9,3,0,-4.85941881e+51
9,3,1,-5.56194386e+53
9,3,2,-4.72151360e+55
9,3,3,-2.26746535e+56
9,3,4,-3.25659370e+56
9,3,5,2.90311428e+46
9,3,6,3.25659371e+56
9,3,7,2.26746520e+56
9,3,8,4.72158015e+55
9,3,9,5.56151168e+53
9,4,0,-1.80784634e+52
9,4,1,-2.75758170e+54
9,4,2,-1.56963719e+56
9,4,3,-6.37431257e+56
9,4,4,-2.14396276e+57
9,4,5,1.24672323e+47
9,4,6,2.14396276e+57
9,4,7,6.37431237e+56
9,4,8,1.56966338e+56
9,4,9,2.75988660e+54
9,5,0,-1.97713806e+52
9,5,1,-2.93835167e+54
9,5,2,-1.64724729e+56
9,5,3,-1.12786538e+57
9,5,4,-1.38507340e+58
9,5,5,-3.13727415e+46
9,5,6,1.38507340e+58
9,5,7,1.12786537e+57
9,5,8,1.64728440e+56
9,5,9,2.93729260e+54
9,6,0,-1.80784633e+52
9,6,1,-2.75758170e+54
9,6,2,-1.56963719e+56
9,6,3,-6.37431256e+56
9,6,4,-2.14396276e+57
9,6,5,1.23792483e+47
9,6,6,2.14396276e+57
9,6,7,6.37431236e+56
9,6,8,1.56966338e+56
9,6,9,2.75988660e+54
9,7,0,-4.85941930e+51
9,7,1,-5.56194413e+53
9,7,2,-4.72151374e+55
9,7,3,-2.26746544e+56
9,7,4,-3.25659387e+56
9,7,5,2.89772080e+46
9,7,6,3.25659388e+56
9,7,7,2.26746530e+56
9,7,8,4.72158030e+55
9,7,9,5.56151194e+53
9,8,0,-3.40436478e+50
9,8,1,-3.61401040e+52
9,8,2,-3.95587169e+54
9,8,3,-3.06067962e+55
9,8,4,-5.15760024e+55
9,8,5,1.70075688e+45
9,8,6,5.15760025e+55
9,8,7,3.06067949e+55
9,8,8,3.95593181e+54
9,8,9,3.60936798e+52
9,9,0,-1.43218803e+48
9,9,1,-9.75516994e+49
9,9,2,-1.86960743e+52
9,9,3,-1.92854667e+53
9,9,4,-4.49868205e+53
9,9,5,9.24540929e+42
9,9,6,4.49868206e+53
9,9,7,1.92854656e+53
9,9,8,1.86961420e+52
9,9,9,9.75208925e+49
