radius_cells,radius_cm,xHII_shell_average
0.00000000e+00,0.00000000e+00,9.98374935e-01
1.00000000e+00,3.16907943e+20,9.99399129e-01
2.00000000e+00,6.33815885e+20,9.99503742e-01
3.00000000e+00,9.50723828e+20,9.99509021e-01
4.00000000e+00,1.26763177e+21,9.99458758e-01
5.00000000e+00,1.58453971e+21,9.99277182e-01
6.00000000e+00,1.90144766e+21,9.99051499e-01
7.00000000e+00,2.21835560e+21,9.98736906e-01
8.00000000e+00,2.53526354e+21,9.98382707e-01
9.00000000e+00,2.85217148e+21,9.97951154e-01
1.00000000e+01,3.16907943e+21,9.97302269e-01
1.10000000e+01,3.48598737e+21,9.96812123e-01
1.20000000e+01,3.80289531e+21,9.96149722e-01
1.30000000e+01,4.11980326e+21,9.95361689e-01
1.40000000e+01,4.43671120e+21,9.94572900e-01
1.50000000e+01,4.75361914e+21,9.93599958e-01
1.60000000e+01,5.07052708e+21,9.92649263e-01
1.70000000e+01,5.38743503e+21,9.91322796e-01
1.80000000e+01,5.70434297e+21,9.90128143e-01
1.90000000e+01,6.02125091e+21,9.88885823e-01
2.00000000e+01,6.33815885e+21,9.87061356e-01
2.10000000e+01,6.65506680e+21,9.85311095e-01
2.20000000e+01,6.97197474e+21,9.83241524e-01
2.30000000e+01,7.28888268e+21,9.80661348e-01
2.40000000e+01,7.60579062e+21,9.78298524e-01
2.50000000e+01,7.92269857e+21,9.74776172e-01
2.60000000e+01,8.23960651e+21,9.71214390e-01
2.70000000e+01,8.55651445e+21,9.67244076e-01
2.80000000e+01,8.87342240e+21,9.60078743e-01
2.90000000e+01,9.19033034e+21,9.53494052e-01
3.00000000e+01,9.50723828e+21,9.43783912e-01
3.10000000e+01,9.82414622e+21,9.32215507e-01
3.20000000e+01,1.01410542e+22,9.13089093e-01
3.30000000e+01,1.04579621e+22,8.80148367e-01
3.40000000e+01,1.07748701e+22,8.35932091e-01
3.50000000e+01,1.10917780e+22,7.85088674e-01
3.60000000e+01,1.14086859e+22,7.41268265e-01
3.70000000e+01,1.17255939e+22,6.80145298e-01
3.80000000e+01,1.20425018e+22,6.24605666e-01
3.90000000e+01,1.23594098e+22,5.62278371e-01
4.00000000e+01,1.26763177e+22,4.79176533e-01
4.10000000e+01,1.29932257e+22,4.25584962e-01
4.20000000e+01,1.33101336e+22,3.61406658e-01
4.30000000e+01,1.36270415e+22,3.00787106e-01
4.40000000e+01,1.39439495e+22,2.40104287e-01
4.50000000e+01,1.42608574e+22,1.93342112e-01
4.60000000e+01,1.45777654e+22,1.41797517e-01
4.70000000e+01,1.48946733e+22,1.08574863e-01
4.80000000e+01,1.52115812e+22,6.78779601e-02
4.90000000e+01,1.55284892e+22,4.26815395e-02
5.00000000e+01,1.58453971e+22,2.07658793e-02
5.10000000e+01,1.61623051e+22,1.08824245e-02
5.20000000e+01,1.64792130e+22,7.02071681e-03
5.30000000e+01,1.67961210e+22,5.99063858e-03
5.40000000e+01,1.71130289e+22,5.46224706e-03
5.50000000e+01,1.74299368e+22,4.98890140e-03
5.60000000e+01,1.77468448e+22,4.53302210e-03
5.70000000e+01,1.80637527e+22,4.10893453e-03
5.80000000e+01,1.83806607e+22,3.89657062e-03
5.90000000e+01,1.86975686e+22,3.64524109e-03
6.00000000e+01,1.90144766e+22,3.36024192e-03
6.10000000e+01,1.93313845e+22,3.18909264e-03
6.20000000e+01,1.96482924e+22,2.95766276e-03
6.30000000e+01,1.99652004e+22,2.81853277e-03
6.40000000e+01,2.02821083e+22,2.54681455e-03
6.50000000e+01,2.05990163e+22,2.31103015e-03
6.60000000e+01,2.09159242e+22,2.17503691e-03
6.70000000e+01,2.12328322e+22,1.91748216e-03
6.80000000e+01,2.15497401e+22,1.73539043e-03
6.90000000e+01,2.18666480e+22,1.53267163e-03
7.00000000e+01,2.21835560e+22,1.44246247e-03
7.10000000e+01,2.25004639e+22,1.35514884e-03
7.20000000e+01,2.28173719e+22,1.25249333e-03
7.30000000e+01,2.31342798e+22,1.53836681e-03
7.40000000e+01,2.34511878e+22,4.31055884e-03
7.50000000e+01,2.37680957e+22,3.15688221e-03
7.60000000e+01,2.40850036e+22,8.18291700e-08
7.70000000e+01,2.44019116e+22,2.31620026e-14
7.80000000e+01,2.47188195e+22,9.59463123e-19
7.90000000e+01,2.50357275e+22,3.48500829e-22
8.00000000e+01,2.53526354e+22,2.78729164e-25
8.10000000e+01,2.56695434e+22,2.99185667e-27
8.20000000e+01,2.59864513e+22,2.73217586e-28
8.30000000e+01,2.63033592e+22,6.81893566e-29
8.40000000e+01,2.66202672e+22,9.78984164e-30
8.50000000e+01,2.69371751e+22,1.30785889e-30
8.60000000e+01,2.72540831e+22,2.13555499e-31
8.70000000e+01,2.75709910e+22,4.73840824e-32
8.80000000e+01,2.78878990e+22,6.79548824e-33
8.90000000e+01,2.82048069e+22,8.45108028e-34
9.00000000e+01,2.85217148e+22,2.28797442e-34
9.10000000e+01,2.88386228e+22,3.30606881e-35
9.20000000e+01,2.91555307e+22,4.10277432e-36
9.30000000e+01,2.94724387e+22,5.24273632e-37
9.40000000e+01,2.97893466e+22,1.72053916e-37
9.50000000e+01,3.01062546e+22,2.38311520e-38
9.60000000e+01,3.04231625e+22,3.07907942e-39
9.70000000e+01,3.07400704e+22,5.44283480e-40
9.80000000e+01,3.10569784e+22,1.37718379e-40
9.90000000e+01,3.13738863e+22,1.88710260e-41
1.00000000e+02,3.16907943e+22,2.60773396e-42
1.01000000e+02,3.20077022e+22,5.69352143e-43
1.02000000e+02,3.23246102e+22,1.23898005e-43
1.03000000e+02,3.26415181e+22,1.68582293e-44
1.04000000e+02,3.29584260e+22,2.54572593e-45
1.05000000e+02,3.32753340e+22,8.53541329e-46
1.06000000e+02,3.35922419e+22,1.26505794e-46
1.07000000e+02,3.39091499e+22,1.87004042e-47
1.08000000e+02,3.42260578e+22,3.16514558e-48
1.09000000e+02,3.45429658e+22,9.23934369e-49
1.10000000e+02,3.48598737e+22,1.35450118e-49
1.11000000e+02,3.51767816e+22,1.90532889e-50
1.12000000e+02,3.54936896e+22,3.95585644e-51
1.13000000e+02,3.58105975e+22,9.01756215e-52
1.14000000e+02,3.61275055e+22,1.29818622e-52
1.15000000e+02,3.64444134e+22,1.80176714e-53
1.16000000e+02,3.67613214e+22,5.49452104e-54
1.17000000e+02,3.70782293e+22,1.03333937e-54
1.18000000e+02,3.73951372e+22,1.62728024e-55
1.19000000e+02,3.77120452e+22,2.70517789e-56
1.20000000e+02,3.80289531e+22,9.23446059e-57
1.21000000e+02,3.83458611e+22,1.47108962e-57
1.22000000e+02,3.86627690e+22,2.63601667e-58
1.23000000e+02,3.89796770e+22,6.39689143e-59
1.24000000e+02,3.92965849e+22,1.60577649e-59
1.25000000e+02,3.96134928e+22,2.55952361e-60
1.26000000e+02,3.99304008e+22,4.16894551e-61
1.27000000e+02,4.02473087e+22,1.16570675e-61
1.28000000e+02,4.05642167e+22,3.37926352e-62
1.29000000e+02,4.08811246e+22,9.69655472e-63
1.30000000e+02,4.11980326e+22,5.80397507e-63
