i,j,k,Fx
0,0,0,-1.18105087e+41
0,0,1,-3.30760660e+44
0,0,2,-7.71030022e+46
0,0,3,-1.51591541e+48
0,0,4,-5.78149236e+48
0,0,5,-5.66358485e+48
0,0,6,-5.78149236e+48
0,0,7,-1.51591557e+48
0,0,8,-7.71031221e+46
0,0,9,-3.26548190e+44
0,1,0,-3.30760660e+44
0,1,1,-1.46648975e+48
0,1,2,-3.43253962e+50
0,1,3,-4.88569904e+51
0,1,4,-1.82240430e+52
0,1,5,-1.99320098e+52
0,1,6,-1.82240430e+52
0,1,7,-4.88569954e+51
0,1,8,-3.43255957e+50
0,1,9,-1.44923905e+48
0,2,0,-7.71030022e+46
0,2,1,-3.43253962e+50
0,2,2,-7.84647630e+52
0,2,3,-9.33043340e+53
0,2,4,-3.54830145e+54
0,2,5,-4.78037894e+54
0,2,6,-3.54830144e+54
0,2,7,-9.33043415e+53
0,2,8,-7.84652612e+52
0,2,9,-3.40434509e+50
0,3,0,-1.51591541e+48
0,3,1,-4.88569904e+51
0,3,2,-9.33043340e+53
0,3,3,-9.50201459e+54
0,3,4,-3.24640229e+55
0,3,5,-4.49654949e+55
0,3,6,-3.24640228e+55
0,3,7,-9.50201537e+54
0,3,8,-9.33048501e+53
0,3,9,-4.85941881e+51
0,4,0,-5.78149236e+48
0,4,1,-1.82240431e+52
0,4,2,-3.54830145e+54
0,4,3,-3.24640229e+55
0,4,4,-1.63489857e+56
0,4,5,-7.49623883e+56
0,4,6,-1.63489857e+56
0,4,7,-3.24640257e+55
0,4,8,-3.54831940e+54
0,4,9,-1.80784634e+52
0,5,0,-5.66358486e+48
0,5,1,-1.99320099e+52
0,5,2,-4.78037894e+54
0,5,3,-4.49654949e+55
0,5,4,-7.49623883e+56
0,5,5,-5.69924163e+57
0,5,6,-7.49623882e+56
0,5,7,-4.49654989e+55
0,5,8,-4.78041176e+54
0,5,9,-1.97713806e+52
0,6,0,-5.78149236e+48
0,6,1,-1.82240430e+52
0,6,2,-3.54830144e+54
0,6,3,-3.24640228e+55
0,6,4,-1.63489857e+56
0,6,5,-7.49623882e+56
0,6,6,-1.63489856e+56
0,6,7,-3.24640256e+55
0,6,8,-3.54831939e+54
0,6,9,-1.80784633e+52
0,7,0,-1.51591557e+48
0,7,1,-4.88569954e+51
0,7,2,-9.33043415e+53
0,7,3,-9.50201537e+54
0,7,4,-3.24640257e+55
0,7,5,-4.49654989e+55
0,7,6,-3.24640256e+55
0,7,7,-9.50201615e+54
0,7,8,-9.33048575e+53
0,7,9,-4.85941930e+51
0,8,0,-7.71031221e+46
0,8,1,-3.43255957e+50
0,8,2,-7.84652612e+52
0,8,3,-9.33048501e+53
0,8,4,-3.54831940e+54
0,8,5,-4.78041176e+54
0,8,6,-3.54831939e+54
0,8,7,-9.33048575e+53
0,8,8,-7.84657593e+52
0,8,9,-3.40436478e+50
0,9,0,-3.26548190e+44
0,9,1,-1.44923905e+48
0,9,2,-3.40434509e+50
0,9,3,-4.85941881e+51
0,9,4,-1.80784634e+52
0,9,5,-1.97713807e+52
0,9,6,-1.80784633e+52
0,9,7,-4.85941930e+51
0,9,8,-3.40436478e+50
0,9,9,-1.43218803e+48
1,0,0,-1.28831187e+45
1,0,1,-2.17547874e+47
1,0,2,-4.62042627e+49
1,0,3,-7.74887930e+50
1,0,4,-3.25437376e+51
1,0,5,-2.88628798e+51
1,0,6,-3.25437376e+51
1,0,7,-7.74887999e+50
1,0,8,-4.62045590e+49
1,0,9,-2.15548786e+47
1,1,0,-2.17547874e+47
1,1,1,-1.02257457e+50
1,1,2,-3.68097582e+52
1,1,3,-5.65053902e+53
1,1,4,-2.79075624e+54
1,1,5,-2.97278239e+54
1,1,6,-2.79075623e+54
1,1,7,-5.65053930e+53
1,1,8,-3.68098644e+52
1,1,9,-9.98688658e+49
1,2,0,-4.62042627e+49
1,2,1,-3.68097582e+52
1,2,2,-7.55003269e+54
1,2,3,-8.78609366e+55
1,2,4,-2.97825863e+56
1,2,5,-3.17327621e+56
1,2,6,-2.97825862e+56
1,2,7,-8.78609392e+55
1,2,8,-7.55016043e+54
1,2,9,-3.61400081e+52
1,3,0,-7.74887930e+50
1,3,1,-5.65053902e+53
1,3,2,-8.78609366e+55
1,3,3,-6.74700629e+56
1,3,4,-1.73561185e+57
1,3,5,-2.59198412e+57
1,3,6,-1.73561184e+57
1,3,7,-6.74700656e+56
1,3,8,-8.78623024e+55
1,3,9,-5.56194386e+53
1,4,0,-3.25437376e+51
1,4,1,-2.79075624e+54
1,4,2,-2.97825863e+56
1,4,3,-1.73561185e+57
1,4,4,-1.27290397e+58
1,4,5,-9.26818843e+58
1,4,6,-1.27290397e+58
1,4,7,-1.73561196e+57
1,4,8,-2.97831499e+56
1,4,9,-2.75758170e+54
1,5,0,-2.88628798e+51
1,5,1,-2.97278239e+54
1,5,2,-3.17327621e+56
1,5,3,-2.59198412e+57
1,5,4,-9.26818842e+58
1,5,5,-6.77329272e+59
1,5,6,-9.26818842e+58
1,5,7,-2.59198429e+57
1,5,8,-3.17336217e+56
1,5,9,-2.93835167e+54
1,6,0,-3.25437376e+51
1,6,1,-2.79075623e+54
1,6,2,-2.97825862e+56
1,6,3,-1.73561184e+57
1,6,4,-1.27290397e+58
1,6,5,-9.26818842e+58
1,6,6,-1.27290397e+58
1,6,7,-1.73561196e+57
1,6,8,-2.97831499e+56
1,6,9,-2.75758170e+54
1,7,0,-7.74887999e+50
1,7,1,-5.65053930e+53
1,7,2,-8.78609392e+55
1,7,3,-6.74700656e+56
1,7,4,-1.73561196e+57
1,7,5,-2.59198429e+57
1,7,6,-1.73561196e+57
1,7,7,-6.74700684e+56
1,7,8,-8.78623050e+55
1,7,9,-5.56194413e+53
1,8,0,-4.62045590e+49
1,8,1,-3.68098644e+52
1,8,2,-7.55016043e+54
1,8,3,-8.78623024e+55
1,8,4,-2.97831499e+56
1,8,5,-3.17336217e+56
1,8,6,-2.97831499e+56
1,8,7,-8.78623050e+55
1,8,8,-7.55028816e+54
1,8,9,-3.61401040e+52
1,9,0,-2.15548786e+47
1,9,1,-9.98688658e+49
1,9,2,-3.61400081e+52
1,9,3,-5.56194386e+53
1,9,4,-2.75758170e+54
1,9,5,-2.93835167e+54
1,9,6,-2.75758170e+54
1,9,7,-5.56194413e+53
1,9,8,-3.61401040e+52
1,9,9,-9.75516994e+49
2,0,0,-7.18768019e+46
2,0,1,-1.56892997e+49
2,0,2,-2.62619895e+51
2,0,3,-2.80351270e+52
2,0,4,-7.45924896e+52
2,0,5,-7.32218595e+52
2,0,6,-7.45924894e+52
2,0,7,-2.80351303e+52
2,0,8,-2.62621126e+51
2,0,9,-1.56145739e+49
2,1,0,-1.56892997e+49
2,1,1,-1.93009373e+52
2,1,2,-4.02063704e+54
2,1,3,-4.80156992e+55
2,1,4,-1.59935292e+56
2,1,5,-1.68716866e+56
2,1,6,-1.59935292e+56
2,1,7,-4.80157007e+55
2,1,8,-4.02070428e+54
2,1,9,-1.89944857e+52
2,2,0,-2.62619895e+51
2,2,1,-4.02063704e+54
2,2,2,-1.41118951e+57
2,2,3,-1.75489498e+58
2,2,4,-7.80361260e+58
2,2,5,-1.28690127e+59
2,2,6,-7.80361260e+58
2,2,7,-1.75489501e+58
2,2,8,-1.41119042e+57
2,2,9,-3.95580576e+54
2,3,0,-2.80351270e+52
2,3,1,-4.80156992e+55
2,3,2,-1.75489498e+58
2,3,3,-2.35273597e+59
2,3,4,-1.31856172e+60
2,3,5,-3.44343060e+60
2,3,6,-1.31856172e+60
2,3,7,-2.35273600e+59
2,3,8,-1.75489568e+58
2,3,9,-4.72151360e+55
2,4,0,-7.45924896e+52
2,4,1,-1.59935292e+56
2,4,2,-7.80361260e+58
2,4,3,-1.31856172e+60
2,4,4,-1.35108345e+61
2,4,5,-6.09121135e+61
2,4,6,-1.35108345e+61
2,4,7,-1.31856174e+60
2,4,8,-7.80361341e+58
2,4,9,-1.56963719e+56
2,5,0,-7.32218595e+52
2,5,1,-1.68716866e+56
2,5,2,-1.28690127e+59
2,5,3,-3.44343060e+60
2,5,4,-6.09121135e+61
2,5,5,-2.91358030e+62
2,5,6,-6.09121135e+61
2,5,7,-3.44343062e+60
2,5,8,-1.28690123e+59
2,5,9,-1.64724729e+56
2,6,0,-7.45924894e+52
2,6,1,-1.59935292e+56
2,6,2,-7.80361260e+58
2,6,3,-1.31856172e+60
2,6,4,-1.35108345e+61
2,6,5,-6.09121135e+61
2,6,6,-1.35108345e+61
2,6,7,-1.31856174e+60
2,6,8,-7.80361340e+58
2,6,9,-1.56963719e+56
2,7,0,-2.80351303e+52
2,7,1,-4.80157007e+55
2,7,2,-1.75489501e+58
2,7,3,-2.35273600e+59
2,7,4,-1.31856174e+60
2,7,5,-3.44343062e+60
2,7,6,-1.31856174e+60
2,7,7,-2.35273604e+59
2,7,8,-1.75489571e+58
2,7,9,-4.72151374e+55
2,8,0,-2.62621126e+51
2,8,1,-4.02070428e+54
2,8,2,-1.41119042e+57
2,8,3,-1.75489568e+58
2,8,4,-7.80361341e+58
2,8,5,-1.28690123e+59
2,8,6,-7.80361340e+58
2,8,7,-1.75489571e+58
2,8,8,-1.41119132e+57
2,8,9,-3.95587169e+54
2,9,0,-1.56145739e+49
2,9,1,-1.89944857e+52
2,9,2,-3.95580576e+54
2,9,3,-4.72151360e+55
2,9,4,-1.56963719e+56
2,9,5,-1.64724729e+56
2,9,6,-1.56963719e+56
2,9,7,-4.72151374e+55
2,9,8,-3.95587169e+54
2,9,9,-1.86960743e+52
3,0,0,-4.43309642e+47
3,0,1,-1.99596259e+50
3,0,2,-2.04977656e+52
3,0,3,-1.38524568e+53
3,0,4,-3.83937037e+53
3,0,5,-1.23491544e+54
3,0,6,-3.83937036e+53
3,0,7,-1.38524578e+53
3,0,8,-2.04978941e+52
3,0,9,-1.99882109e+50
3,1,0,-1.99596258e+50
3,1,1,-1.97436859e+53
3,1,2,-3.11216216e+55
3,1,3,-2.32055267e+56
3,1,4,-6.57587027e+56
3,1,5,-1.16276479e+57
3,1,6,-6.57587026e+56
3,1,7,-2.32055277e+56
3,1,8,-3.11220866e+55
3,1,9,-1.95116117e+53
3,2,0,-2.04977656e+52
3,2,1,-3.11216216e+55
3,2,2,-1.15620519e+58
3,2,3,-1.56031902e+59
3,2,4,-8.86976632e+59
3,2,5,-2.33778035e+60
3,2,6,-8.86976631e+59
3,2,7,-1.56031904e+59
3,2,8,-1.15620557e+58
3,2,9,-3.06063406e+55
3,3,0,-1.38524568e+53
3,3,1,-2.32055267e+56
3,3,2,-1.56031902e+59
3,3,3,-3.36711505e+60
3,3,4,-3.91649774e+61
3,3,5,-1.50064237e+62
3,3,6,-3.91649774e+61
3,3,7,-3.36711508e+60
3,3,8,-1.56031914e+59
3,3,9,-2.26746535e+56
3,4,0,-3.83937037e+53
3,4,1,-6.57587026e+56
3,4,2,-8.86976632e+59
3,4,3,-3.91649774e+61
3,4,4,-5.70569687e+62
3,4,5,-2.10270829e+63
3,4,6,-5.70569687e+62
3,4,7,-3.91649774e+61
3,4,8,-8.86976752e+59
3,4,9,-6.37431258e+56
3,5,0,-1.23491545e+54
3,5,1,-1.16276479e+57
3,5,2,-2.33778035e+60
3,5,3,-1.50064237e+62
3,5,4,-2.10270829e+63
3,5,5,-5.87749346e+63
3,5,6,-2.10270829e+63
3,5,7,-1.50064236e+62
3,5,8,-2.33778168e+60
3,5,9,-1.12786539e+57
3,6,0,-3.83937036e+53
3,6,1,-6.57587025e+56
3,6,2,-8.86976631e+59
3,6,3,-3.91649774e+61
3,6,4,-5.70569687e+62
3,6,5,-2.10270829e+63
3,6,6,-5.70569686e+62
3,6,7,-3.91649774e+61
3,6,8,-8.86976752e+59
3,6,9,-6.37431257e+56
3,7,0,-1.38524578e+53
3,7,1,-2.32055277e+56
3,7,2,-1.56031904e+59
3,7,3,-3.36711508e+60
3,7,4,-3.91649774e+61
3,7,5,-1.50064236e+62
3,7,6,-3.91649774e+61
3,7,7,-3.36711511e+60
3,7,8,-1.56031916e+59
3,7,9,-2.26746544e+56
3,8,0,-2.04978941e+52
3,8,1,-3.11220866e+55
3,8,2,-1.15620557e+58
3,8,3,-1.56031914e+59
3,8,4,-8.86976752e+59
3,8,5,-2.33778168e+60
3,8,6,-8.86976752e+59
3,8,7,-1.56031916e+59
3,8,8,-1.15620594e+58
3,8,9,-3.06067962e+55
3,9,0,-1.99882109e+50
3,9,1,-1.95116117e+53
3,9,2,-3.06063406e+55
3,9,3,-2.26746535e+56
3,9,4,-6.37431257e+56
3,9,5,-1.12786538e+57
3,9,6,-6.37431256e+56
3,9,7,-2.26746544e+56
3,9,8,-3.06067962e+55
3,9,9,-1.92854667e+53
4,0,0,-4.52997379e+47
4,0,1,-1.91178785e+50
4,0,2,-2.30314168e+52
4,0,3,-1.74886194e+53
4,0,4,-4.31894415e+54
4,0,5,-2.96212635e+55
4,0,6,-4.31894415e+54
4,0,7,-1.74886223e+53
4,0,8,-2.30316206e+52
4,0,9,-1.88373498e+50
4,1,0,-1.91178786e+50
4,1,1,-4.56423185e+53
4,1,2,-5.25322199e+55
4,1,3,-3.35821008e+56
4,1,4,-2.20528327e+57
4,1,5,-1.41371372e+58
4,1,6,-2.20528327e+57
4,1,7,-3.35821027e+56
4,1,8,-5.25331640e+55
4,1,9,-4.53095931e+53
4,2,0,-2.30314168e+52
4,2,1,-5.25322199e+55
4,2,2,-2.57175778e+58
4,2,3,-4.15920892e+59
4,2,4,-3.98802654e+60
4,2,5,-1.66498478e+61
4,2,6,-3.98802654e+60
4,2,7,-4.15920897e+59
4,2,8,-2.57175791e+58
4,2,9,-5.15750801e+55
4,3,0,-1.74886194e+53
4,3,1,-3.35821008e+56
4,3,2,-4.15920892e+59
4,3,3,-1.72785318e+61
4,3,4,-2.79304501e+62
4,3,5,-1.05256577e+63
4,3,6,-2.79304501e+62
4,3,7,-1.72785318e+61
4,3,8,-4.15920948e+59
4,3,9,-3.25659370e+56
4,4,0,-4.31894416e+54
4,4,1,-2.20528326e+57
4,4,2,-3.98802654e+60
4,4,3,-2.79304501e+62
4,4,4,-2.77929157e+63
4,4,5,-5.88611505e+63
4,4,6,-2.77929157e+63
4,4,7,-2.79304500e+62
4,4,8,-3.98803061e+60
4,4,9,-2.14396277e+57
4,5,0,-2.96212635e+55
4,5,1,-1.41371371e+58
4,5,2,-1.66498478e+61
4,5,3,-1.05256577e+63
4,5,4,-5.88611505e+63
4,5,5,-1.17354843e+64
4,5,6,-5.88611505e+63
4,5,7,-1.05256575e+63
4,5,8,-1.66498779e+61
4,5,9,-1.38507340e+58
4,6,0,-4.31894415e+54
4,6,1,-2.20528326e+57
4,6,2,-3.98802654e+60
4,6,3,-2.79304501e+62
4,6,4,-2.77929157e+63
4,6,5,-5.88611505e+63
4,6,6,-2.77929157e+63
4,6,7,-2.79304499e+62
4,6,8,-3.98803061e+60
4,6,9,-2.14396277e+57
4,7,0,-1.74886223e+53
4,7,1,-3.35821026e+56
4,7,2,-4.15920897e+59
4,7,3,-1.72785318e+61
4,7,4,-2.79304500e+62
4,7,5,-1.05256575e+63
4,7,6,-2.79304499e+62
4,7,7,-1.72785318e+61
4,7,8,-4.15920954e+59
4,7,9,-3.25659388e+56
4,8,0,-2.30316206e+52
4,8,1,-5.25331640e+55
4,8,2,-2.57175791e+58
4,8,3,-4.15920948e+59
4,8,4,-3.98803061e+60
4,8,5,-1.66498779e+61
4,8,6,-3.98803061e+60
4,8,7,-4.15920954e+59
4,8,8,-2.57175804e+58
4,8,9,-5.15760024e+55
4,9,0,-1.88373499e+50
4,9,1,-4.53095932e+53
4,9,2,-5.15750801e+55
4,9,3,-3.25659370e+56
4,9,4,-2.14396276e+57
4,9,5,-1.38507340e+58
4,9,6,-2.14396276e+57
4,9,7,-3.25659387e+56
4,9,8,-5.15760024e+55
4,9,9,-4.49868205e+53
5,0,0,3.51270902e+39
5,0,1,8.01984236e+40
5,0,2,2.54926573e+43
5,0,3,7.33231652e+44
5,0,4,1.03069198e+46
5,0,5,2.63323064e+46
5,0,6,1.03551940e+46
5,0,7,7.33549242e+44
5,0,8,2.54941060e+43
5,0,9,7.28219487e+40
5,1,0,7.79773174e+40
5,1,1,1.03965683e+43
5,1,2,1.77028036e+45
5,1,3,3.07013459e+46
5,1,4,1.47797939e+47
5,1,5,5.81710441e+46
5,1,6,1.48878192e+47
5,1,7,3.07683849e+46
5,1,8,1.76992800e+45
5,1,9,9.57663362e+42
5,2,0,2.54972391e+43
5,2,1,1.79266509e+45
5,2,2,2.84889380e+47
5,2,3,2.45001790e+48
5,2,4,-8.61163109e+48
5,2,5,-3.41465010e+50
5,2,6,-8.60939450e+48
5,2,7,2.45036906e+48
5,2,8,2.84926907e+47
5,2,9,1.70085132e+45
5,3,0,7.35694281e+44
5,3,1,3.04229465e+46
5,3,2,2.44819956e+48
5,3,3,6.60118208e+49
5,3,4,-5.89376132e+51
5,3,5,-3.27923676e+52
5,3,6,-5.89381513e+51
5,3,7,6.60141456e+49
5,3,8,2.44858631e+48
5,3,9,2.90955643e+46
5,4,0,9.43812408e+45
5,4,1,1.26373081e+47
5,4,2,-8.65326031e+48
5,4,3,-5.89378190e+51
5,4,4,-5.97121772e+52
5,4,5,-1.22833370e+53
5,4,6,-5.97119800e+52
5,4,7,-5.89382895e+51
5,4,8,-8.64070051e+48
5,4,9,1.24492188e+47
5,5,0,2.21902362e+46
5,5,1,-5.31096870e+46
5,5,2,-3.41416115e+50
5,5,3,-3.27923838e+52
5,5,4,-1.22833437e+53
5,5,5,-2.32867076e+52
5,5,6,-1.22833531e+53
5,5,7,-3.27924429e+52
5,5,8,-3.41427894e+50
5,5,9,-3.73480730e+46
5,6,0,9.54058470e+45
5,6,1,1.28648304e+47
5,6,2,-8.64801200e+48
5,6,3,-5.89378678e+51
5,6,4,-5.97120580e+52
5,6,5,-1.22833563e+53
5,6,6,-5.97122983e+52
5,6,7,-5.89378031e+51
5,6,8,-8.64338996e+48
5,6,9,1.22582851e+47
5,7,0,7.36454753e+44
5,7,1,3.06010993e+46
5,7,2,2.44864810e+48
5,7,3,6.60096430e+49
5,7,4,-5.89380943e+51
5,7,5,-3.27925012e+52
5,7,6,-5.89380876e+51
5,7,7,6.60077528e+49
5,7,8,2.44847166e+48
5,7,9,2.89745963e+46
5,8,0,2.55009375e+43
5,8,1,1.78997146e+45
5,8,2,2.84925067e+47
5,8,3,2.44951513e+48
5,8,4,-8.65314900e+48
5,8,5,-3.41399416e+50
5,8,6,-8.65375051e+48
5,8,7,2.44960197e+48
5,8,8,2.84927639e+47
5,8,9,1.70236821e+45
5,9,0,7.10425948e+40
5,9,1,1.03553484e+43
5,9,2,1.72440488e+45
5,9,3,2.94708985e+46
5,9,4,1.07253334e+47
5,9,5,-1.25818622e+47
5,9,6,1.06404469e+47
5,9,7,2.93583570e+46
5,9,8,1.72563637e+45
5,9,9,9.62830529e+42
6,0,0,4.52997350e+47
6,0,1,1.91178787e+50
6,0,2,2.30314178e+52
6,0,3,1.74886203e+53
6,0,4,4.31894423e+54
6,0,5,2.96212636e+55
6,0,6,4.31894422e+54
6,0,7,1.74886232e+53
6,0,8,2.30316216e+52
6,0,9,1.88373500e+50
6,1,0,1.91178788e+50
6,1,1,4.56423186e+53
6,1,2,5.25322200e+55
6,1,3,3.35821009e+56
6,1,4,2.20528327e+57
6,1,5,1.41371372e+58
6,1,6,2.20528327e+57
6,1,7,3.35821027e+56
6,1,8,5.25331640e+55
6,1,9,4.53095932e+53
6,2,0,2.30314178e+52
6,2,1,5.25322200e+55
6,2,2,2.57175778e+58
6,2,3,4.15920892e+59
6,2,4,3.98802654e+60
6,2,5,1.66498478e+61
6,2,6,3.98802654e+60
6,2,7,4.15920897e+59
6,2,8,2.57175791e+58
6,2,9,5.15750801e+55
6,3,0,1.74886203e+53
6,3,1,3.35821008e+56
6,3,2,4.15920892e+59
6,3,3,1.72785318e+61
6,3,4,2.79304501e+62
6,3,5,1.05256577e+63
6,3,6,2.79304501e+62
6,3,7,1.72785318e+61
6,3,8,4.15920948e+59
6,3,9,3.25659371e+56
6,4,0,4.31894424e+54
6,4,1,2.20528326e+57
6,4,2,3.98802654e+60
6,4,3,2.79304501e+62
6,4,4,2.77929157e+63
6,4,5,5.88611505e+63
6,4,6,2.77929157e+63
6,4,7,2.79304499e+62
6,4,8,3.98803061e+60
6,4,9,2.14396277e+57
6,5,0,2.96212636e+55
6,5,1,1.41371371e+58
6,5,2,1.66498478e+61
6,5,3,1.05256577e+63
6,5,4,5.88611505e+63
6,5,5,1.17354843e+64
6,5,6,5.88611504e+63
6,5,7,1.05256575e+63
6,5,8,1.66498779e+61
6,5,9,1.38507340e+58
6,6,0,4.31894423e+54
6,6,1,2.20528326e+57
6,6,2,3.98802654e+60
6,6,3,2.79304501e+62
6,6,4,2.77929157e+63
6,6,5,5.88611504e+63
6,6,6,2.77929157e+63
6,6,7,2.79304499e+62
6,6,8,3.98803061e+60
6,6,9,2.14396276e+57
6,7,0,1.74886232e+53
6,7,1,3.35821027e+56
6,7,2,4.15920897e+59
6,7,3,1.72785318e+61
6,7,4,2.79304499e+62
6,7,5,1.05256575e+63
6,7,6,2.79304499e+62
6,7,7,1.72785318e+61
6,7,8,4.15920954e+59
6,7,9,3.25659388e+56
6,8,0,2.30316216e+52
6,8,1,5.25331640e+55
6,8,2,2.57175791e+58
6,8,3,4.15920948e+59
6,8,4,3.98803061e+60
6,8,5,1.66498779e+61
6,8,6,3.98803061e+60
6,8,7,4.15920954e+59
6,8,8,2.57175804e+58
6,8,9,5.15760025e+55
6,9,0,1.88373501e+50
6,9,1,4.53095932e+53
6,9,2,5.15750801e+55
6,9,3,3.25659371e+56
6,9,4,2.14396276e+57
6,9,5,1.38507340e+58
6,9,6,2.14396276e+57
6,9,7,3.25659388e+56
6,9,8,5.15760025e+55
6,9,9,4.49868206e+53
7,0,0,4.43309338e+47
7,0,1,1.99596165e+50
7,0,2,2.04977504e+52
7,0,3,1.38524432e+53
7,0,4,3.83936620e+53
7,0,5,1.23491405e+54
7,0,6,3.83936619e+53
7,0,7,1.38524442e+53
7,0,8,2.04978789e+52
7,0,9,1.99882016e+50
7,1,0,1.99596165e+50
7,1,1,1.97436848e+53
7,1,2,3.11216203e+55
7,1,3,2.32055252e+56
7,1,4,6.57587004e+56
7,1,5,1.16276478e+57
7,1,6,6.57587003e+56
7,1,7,2.32055262e+56
7,1,8,3.11220853e+55
7,1,9,1.95116107e+53
7,2,0,2.04977504e+52
7,2,1,3.11216203e+55
7,2,2,1.15620517e+58
7,2,3,1.56031901e+59
7,2,4,8.86976629e+59
7,2,5,2.33778034e+60
7,2,6,8.86976628e+59
7,2,7,1.56031903e+59
7,2,8,1.15620555e+58
7,2,9,3.06063394e+55
7,3,0,1.38524432e+53
7,3,1,2.32055252e+56
7,3,2,1.56031901e+59
7,3,3,3.36711505e+60
7,3,4,3.91649773e+61
7,3,5,1.50064236e+62
7,3,6,3.91649773e+61
7,3,7,3.36711508e+60
7,3,8,1.56031912e+59
7,3,9,2.26746520e+56
7,4,0,3.83936620e+53
7,4,1,6.57587004e+56
7,4,2,8.86976629e+59
7,4,3,3.91649773e+61
7,4,4,5.70569683e+62
7,4,5,2.10270825e+63
7,4,6,5.70569683e+62
7,4,7,3.91649772e+61
7,4,8,8.86976749e+59
7,4,9,6.37431237e+56
7,5,0,1.23491406e+54
7,5,1,1.16276477e+57
7,5,2,2.33778034e+60
7,5,3,1.50064236e+62
7,5,4,2.10270825e+63
7,5,5,5.87749348e+63
7,5,6,2.10270825e+63
7,5,7,1.50064235e+62
7,5,8,2.33778167e+60
7,5,9,1.12786537e+57
7,6,0,3.83936619e+53
7,6,1,6.57587003e+56
7,6,2,8.86976628e+59
7,6,3,3.91649773e+61
7,6,4,5.70569683e+62
7,6,5,2.10270825e+63
7,6,6,5.70569683e+62
7,6,7,3.91649772e+61
7,6,8,8.86976749e+59
7,6,9,6.37431236e+56
7,7,0,1.38524442e+53
7,7,1,2.32055262e+56
7,7,2,1.56031903e+59
7,7,3,3.36711508e+60
7,7,4,3.91649772e+61
7,7,5,1.50064235e+62
7,7,6,3.91649772e+61
7,7,7,3.36711511e+60
7,7,8,1.56031914e+59
7,7,9,2.26746530e+56
7,8,0,2.04978789e+52
7,8,1,3.11220853e+55
7,8,2,1.15620555e+58
7,8,3,1.56031912e+59
7,8,4,8.86976749e+59
7,8,5,2.33778167e+60
7,8,6,8.86976749e+59
7,8,7,1.56031914e+59
7,8,8,1.15620592e+58
7,8,9,3.06067949e+55
7,9,0,1.99882016e+50
7,9,1,1.95116107e+53
7,9,2,3.06063394e+55
7,9,3,2.26746520e+56
7,9,4,6.37431237e+56
7,9,5,1.12786537e+57
7,9,6,6.37431236e+56
7,9,7,2.26746530e+56
7,9,8,3.06067949e+55
7,9,9,1.92854656e+53
8,0,0,7.18772433e+46
8,0,1,1.56893625e+49
8,0,2,2.62619949e+51
8,0,3,2.80348821e+52
8,0,4,7.45900936e+52
8,0,5,7.32224169e+52
8,0,6,7.45900935e+52
8,0,7,2.80348853e+52
8,0,8,2.62621179e+51
8,0,9,1.56146357e+49
8,1,0,1.56893624e+49
8,1,1,1.93010128e+52
8,1,2,4.02069785e+54
8,1,3,4.80163707e+55
8,1,4,1.59937943e+56
8,1,5,1.68720622e+56
8,1,6,1.59937943e+56
8,1,7,4.80163722e+55
8,1,8,4.02076509e+54
8,1,9,1.89945579e+52
8,2,0,2.62619949e+51
8,2,1,4.02069785e+54
8,2,2,1.41119028e+57
8,2,3,1.75489546e+58
8,2,4,7.80361297e+58
8,2,5,1.28690123e+59
8,2,6,7.80361297e+58
8,2,7,1.75489549e+58
8,2,8,1.41119119e+57
8,2,9,3.95586588e+54
8,3,0,2.80348821e+52
8,3,1,4.80163707e+55
8,3,2,1.75489546e+58
8,3,3,2.35273618e+59
8,3,4,1.31856181e+60
8,3,5,3.44343052e+60
8,3,6,1.31856181e+60
8,3,7,2.35273621e+59
8,3,8,1.75489616e+58
8,3,9,4.72158015e+55
8,4,0,7.45900936e+52
8,4,1,1.59937943e+56
8,4,2,7.80361297e+58
8,4,3,1.31856181e+60
8,4,4,1.35108444e+61
8,4,5,6.09121833e+61
8,4,6,1.35108444e+61
8,4,7,1.31856183e+60
8,4,8,7.80361378e+58
8,4,9,1.56966338e+56
8,5,0,7.32224169e+52
8,5,1,1.68720622e+56
8,5,2,1.28690123e+59
8,5,3,3.44343052e+60
8,5,4,6.09121833e+61
8,5,5,2.91359668e+62
8,5,6,6.09121832e+61
8,5,7,3.44343054e+60
8,5,8,1.28690119e+59
8,5,9,1.64728440e+56
8,6,0,7.45900935e+52
8,6,1,1.59937943e+56
8,6,2,7.80361297e+58
8,6,3,1.31856181e+60
8,6,4,1.35108444e+61
8,6,5,6.09121832e+61
8,6,6,1.35108444e+61
8,6,7,1.31856183e+60
8,6,8,7.80361377e+58
8,6,9,1.56966338e+56
8,7,0,2.80348853e+52
8,7,1,4.80163722e+55
8,7,2,1.75489549e+58
8,7,3,2.35273621e+59
8,7,4,1.31856183e+60
8,7,5,3.44343054e+60
8,7,6,1.31856183e+60
8,7,7,2.35273625e+59
8,7,8,1.75489619e+58
8,7,9,4.72158030e+55
8,8,0,2.62621179e+51
8,8,1,4.02076509e+54
8,8,2,1.41119119e+57
8,8,3,1.75489616e+58
8,8,4,7.80361378e+58
8,8,5,1.28690119e+59
8,8,6,7.80361377e+58
8,8,7,1.75489619e+58
8,8,8,1.41119209e+57
8,8,9,3.95593181e+54
8,9,0,1.56146357e+49
8,9,1,1.89945579e+52
8,9,2,3.95586588e+54
8,9,3,4.72158015e+55
8,9,4,1.56966338e+56
8,9,5,1.64728440e+56
8,9,6,1.56966338e+56
8,9,7,4.72158030e+55
8,9,8,3.95593181e+54
8,9,9,1.86961420e+52
9,0,0,1.28828527e+45
9,0,1,2.17840639e+47
9,0,2,4.63094972e+49
9,0,3,7.77368677e+50
9,0,4,3.25772429e+51
9,0,5,2.88714526e+51
9,0,6,3.25772429e+51
9,0,7,7.77368746e+50
9,0,8,4.63097917e+49
9,0,9,2.15846877e+47
9,1,0,2.17840639e+47
9,1,1,1.02193561e+50
9,1,2,3.67574091e+52
9,1,3,5.64934386e+53
9,1,4,2.79272342e+54
9,1,5,2.97134215e+54
9,1,6,2.79272342e+54
9,1,7,5.64934414e+53
9,1,8,3.67575124e+52
9,1,9,9.98211940e+49
9,2,0,4.63094972e+49
9,2,1,3.67574091e+52
9,2,2,7.52609307e+54
9,2,3,8.74810770e+55
9,2,4,2.96084371e+56
9,2,5,3.14803128e+56
9,2,6,2.96084371e+56
9,2,7,8.74810795e+55
9,2,8,7.52621994e+54
9,2,9,3.60935877e+52
9,3,0,7.77368677e+50
9,3,1,5.64934386e+53
9,3,2,8.74810770e+55
9,3,3,6.69267485e+56
9,3,4,1.71563348e+57
9,3,5,2.56605756e+57
9,3,6,1.71563347e+57
9,3,7,6.69267511e+56
9,3,8,8.74824314e+55
9,3,9,5.56151168e+53
9,4,0,3.25772429e+51
9,4,1,2.79272342e+54
9,4,2,2.96084371e+56
9,4,3,1.71563348e+57
9,4,4,1.25972023e+58
9,4,5,9.20648925e+58
9,4,6,1.25972022e+58
9,4,7,1.71563359e+57
9,4,8,2.96089932e+56
9,4,9,2.75988660e+54
9,5,0,2.88714526e+51
9,5,1,2.97134216e+54
9,5,2,3.14803128e+56
9,5,3,2.56605756e+57
9,5,4,9.20648925e+58
9,5,5,6.72646448e+59
9,5,6,9.20648924e+58
9,5,7,2.56605771e+57
9,5,8,3.14811605e+56
9,5,9,2.93729260e+54
9,6,0,3.25772429e+51
9,6,1,2.79272342e+54
9,6,2,2.96084371e+56
9,6,3,1.71563347e+57
9,6,4,1.25972023e+58
9,6,5,9.20648925e+58
9,6,6,1.25972022e+58
9,6,7,1.71563359e+57
9,6,8,2.96089931e+56
9,6,9,2.75988660e+54
9,7,0,7.77368746e+50
9,7,1,5.64934414e+53
9,7,2,8.74810795e+55
9,7,3,6.69267511e+56
9,7,4,1.71563359e+57
9,7,5,2.56605771e+57
9,7,6,1.71563359e+57
9,7,7,6.69267537e+56
9,7,8,8.74824339e+55
9,7,9,5.56151194e+53
9,8,0,4.63097917e+49
9,8,1,3.67575124e+52
9,8,2,7.52621994e+54
9,8,3,8.74824314e+55
9,8,4,2.96089932e+56
9,8,5,3.14811605e+56
9,8,6,2.96089931e+56
9,8,7,8.74824339e+55
9,8,8,7.52634681e+54
9,8,9,3.60936798e+52
9,9,0,2.15846877e+47
9,9,1,9.98211940e+49
9,9,2,3.60935877e+52
9,9,3,5.56151168e+53
9,9,4,2.75988660e+54
9,9,5,2.93729260e+54
9,9,6,2.75988660e+54
9,9,7,5.56151194e+53
9,9,8,3.60936798e+52
9,9,9,9.75208925e+49
